node,product_id,seller_id,category,rating,review_count,degree,weighted_degree,max_overlap,mean_jaccard,max_jaccard,clustering_coeff,core_number,pagerank,community_id,community_density,seller_concentration,hazard_code,is_known_eu_sanction,is_true_dangerous,product_hazard_index,risk_tier,anomaly_prediction,is_suspicious,anomaly_score
prod_20000287,20000287,1000001,Home & Garden,4.05,407,279,1459,83,0.0119,0.1386,0.0068,28,0.054613,44,0.1131,0.048,NONE,False,False,1.0,CRITICAL_HAZARD,-1,True,-0.2659
prod_20000245,20000245,1000036,Consumer Electronics,4.16,275,253,1000,83,0.0125,0.1386,0.0062,28,0.037977,27,0.1093,0.069,NONE,False,False,0.828,CRITICAL_HAZARD,-1,True,-0.2574
prod_20000222,20000222,1000019,Automotive,4.1,168,197,619,58,0.0147,0.1122,0.0069,28,0.023422,44,0.1131,0.048,NONE,False,False,0.6676,CRITICAL_HAZARD,-1,True,-0.1738
prod_20000442,20000442,1000009,Consumer Electronics,4.06,113,170,409,27,0.0157,0.0748,0.0066,28,0.015312,27,0.1093,0.069,NONE,False,False,0.5586,HIGH_RISK,-1,True,-0.1342
prod_20000070,20000070,1000018,Computer & Office,4.94,16,14,57,7,0.1837,0.3333,0.0366,11,0.003347,34,0.9048,0.133,NONE,False,False,0.1784,MODERATE_RISK,-1,True,-0.0951
prod_20000498,20000498,1000038,Jewelry & Accessories,4.16,86,153,304,19,0.0165,0.0485,0.0064,28,0.011596,27,0.1093,0.069,NONE,False,False,0.5111,HIGH_RISK,-1,True,-0.0925
prod_20000197,20000197,1000032,Tools & Home Improvement,4.27,100,148,378,31,0.0179,0.0651,0.0081,28,0.013992,66,0.1199,0.053,NONE,False,False,0.5393,HIGH_RISK,-1,True,-0.0923
prod_20000163,20000163,1000024,Jewelry & Accessories,3.98,90,141,330,32,0.0173,0.0767,0.0077,28,0.012259,44,0.1131,0.048,NONE,False,False,0.5074,HIGH_RISK,-1,True,-0.0847
prod_20000087,20000087,1000044,Computer & Office,4.26,92,155,344,28,0.0167,0.0599,0.0068,28,0.012948,44,0.1131,0.048,NONE,False,False,0.5097,HIGH_RISK,-1,True,-0.0734
prod_20000000,20000000,1000018,Sports & Entertainment,4.77,13,14,48,7,0.1759,0.3529,0.0319,11,0.003074,31,0.9238,0.133,NONE,False,False,0.1625,MODERATE_RISK,-1,True,-0.0701
prod_20000009,20000009,1000007,Tools & Home Improvement,4.93,15,14,50,7,0.1721,0.3333,0.0318,11,0.003198,31,0.9238,0.133,NONE,False,False,0.1829,MODERATE_RISK,-1,True,-0.0587
prod_20000063,20000063,1000016,Sports & Entertainment,4.92,13,13,47,5,0.1798,0.2778,0.0364,11,0.002786,34,0.9048,0.133,NONE,False,False,0.1628,MODERATE_RISK,-1,True,-0.0561
prod_20000082,20000082,1000002,Consumer Electronics,3.78,0,0,0,0,0.0,0.0,0.0,0,0.000337,45,0.0,1.0,NONE,False,False,0.2107,MODERATE_RISK,-1,True,-0.0509
prod_20000113,20000113,1000036,Home & Garden,3.78,0,0,0,0,0.0,0.0,0.0,0,0.000337,40,0.0,1.0,NONE,False,False,0.1019,LOW_RISK,-1,True,-0.0509
prod_20000031,20000031,1000030,Sports & Entertainment,4.85,13,14,46,5,0.1683,0.2778,0.0312,12,0.003109,57,0.9524,0.133,CHOKE_CHILD,False,True,0.2872,MODERATE_RISK,-1,True,-0.0507
prod_20000415,20000415,1000041,Home & Garden,4.5,2,2,3,2,0.0054,0.0059,0.0588,2,0.000432,44,0.1131,0.048,NONE,False,False,0.0873,LOW_RISK,-1,True,-0.0486
prod_20000241,20000241,1000048,Sports & Entertainment,5.0,1,5,5,1,0.2156,1.0,0.0165,5,0.000566,27,0.1093,0.069,NONE,False,False,0.1655,MODERATE_RISK,-1,True,-0.0479
prod_20000356,20000356,1000032,Automotive,5.0,1,5,5,1,0.2156,1.0,0.0165,5,0.000566,27,0.1093,0.069,NONE,False,False,0.1131,LOW_RISK,-1,True,-0.0479
prod_20000326,20000326,1000018,Tools & Home Improvement,5.0,1,2,2,1,0.27,0.5,0.0152,2,0.000477,44,0.1131,0.048,NONE,False,False,0.0862,LOW_RISK,-1,True,-0.0464
prod_20000180,20000180,1000014,Phones & Telecommunications,3.79,0,0,0,0,0.0,0.0,0.0,0,0.000337,55,0.0,1.0,NONE,False,False,0.0693,LOW_RISK,-1,True,-0.0451
prod_20000366,20000366,1000024,Tools & Home Improvement,4.13,69,125,285,25,0.0209,0.0628,0.0083,28,0.010549,66,0.1199,0.053,NONE,False,False,0.4895,HIGH_RISK,-1,True,-0.0449
prod_20000046,20000046,1000010,Sports & Entertainment,4.93,15,14,47,6,0.1565,0.2778,0.031,11,0.003096,69,0.9333,0.067,NONE,False,False,0.2875,MODERATE_RISK,-1,True,-0.0424
prod_20000238,20000238,1000036,Consumer Electronics,3.83,0,0,0,0,0.0,0.0,0.0,0,0.000337,60,0.0,1.0,NONE,False,False,0.1019,LOW_RISK,-1,True,-0.0407
prod_20000411,20000411,1000017,Tools & Home Improvement,4.31,85,133,313,20,0.0189,0.0667,0.0079,28,0.011993,44,0.1131,0.048,CHOKE_CHILD,False,True,0.528,HIGH_RISK,-1,True,-0.0379
prod_20000376,20000376,1000047,Sports & Entertainment,3.88,0,0,0,0,0.0,0.0,0.0,0,0.000337,21,0.0,1.0,NONE,False,False,0.0929,LOW_RISK,-1,True,-0.0357
prod_20000042,20000042,1000041,Consumer Electronics,5.0,12,14,41,6,0.1613,0.375,0.0281,12,0.002812,57,0.9524,0.133,NONE,False,False,0.2014,MODERATE_RISK,-1,True,-0.0356
prod_20000457,20000457,1000014,Sports & Entertainment,4.29,84,125,311,31,0.0192,0.0696,0.0083,28,0.011431,44,0.1131,0.048,NONE,False,False,0.4696,HIGH_RISK,-1,True,-0.0356
prod_20000057,20000057,1000015,Sports & Entertainment,4.75,16,14,44,5,0.1407,0.2381,0.0301,11,0.002937,69,0.9333,0.067,NONE,False,False,0.2907,MODERATE_RISK,-1,True,-0.0327
prod_20000462,20000462,1000031,Sports & Entertainment,5.0,1,2,2,1,0.2635,0.5,0.0152,2,0.00047,27,0.1093,0.069,NONE,False,False,0.0433,LOW_RISK,-1,True,-0.0321
prod_20000146,20000146,1000042,Tools & Home Improvement,3.93,0,0,0,0,0.0,0.0,0.0,0,0.000337,62,0.0,1.0,NONE,False,False,0.0833,LOW_RISK,-1,True,-0.0313
prod_20000360,20000360,1000048,Home & Garden,4.25,85,126,305,28,0.0188,0.0603,0.0084,28,0.011217,44,0.1131,0.048,CHOKE_CHILD,True,True,0.689,CRITICAL_HAZARD,-1,True,-0.0296
prod_20000014,20000014,1000042,Jewelry & Accessories,4.86,14,14,47,6,0.1624,0.2857,0.0318,11,0.003031,31,0.9238,0.133,NONE,False,False,0.1635,MODERATE_RISK,-1,True,-0.0294
prod_20000155,20000155,1000034,Phones & Telecommunications,5.0,1,6,6,1,0.1854,1.0,0.0174,6,0.000583,27,0.1093,0.069,NONE,False,False,0.1014,LOW_RISK,-1,True,-0.0284
prod_20000067,20000067,1000034,Home & Garden,5.0,12,14,43,7,0.1609,0.3333,0.0298,11,0.002606,34,0.9048,0.133,NONE,False,False,0.164,MODERATE_RISK,-1,True,-0.0281
prod_20000062,20000062,1000013,Tools & Home Improvement,4.85,13,13,44,6,0.1662,0.3158,0.0347,11,0.002623,34,0.9048,0.133,CHEM_TOXIC,False,True,0.2721,MODERATE_RISK,-1,True,-0.028
prod_20000128,20000128,1000028,Jewelry & Accessories,4.0,1,6,6,1,0.1854,1.0,0.0174,6,0.000583,27,0.1093,0.069,NONE,False,False,0.1168,LOW_RISK,-1,True,-0.0277
prod_20000029,20000029,1000034,Computer & Office,5.0,13,14,44,6,0.1601,0.3158,0.0298,12,0.002942,17,0.9429,0.133,NONE,False,False,0.2106,MODERATE_RISK,-1,True,-0.0267
prod_20000072,20000072,1000041,Consumer Electronics,5.0,4,8,14,3,0.1256,0.2308,0.022,8,0.001063,34,0.9048,0.133,NONE,False,False,0.1077,LOW_RISK,-1,True,-0.024
prod_20000321,20000321,1000040,Automotive,3.96,0,0,0,0,0.0,0.0,0.0,0,0.000337,46,0.0,1.0,NONE,False,False,0.0191,LOW_RISK,-1,True,-0.0239
prod_20000294,20000294,1000030,Jewelry & Accessories,4.97,0,0,0,0,0.0,0.0,0.0,0,0.000337,4,0.0,1.0,NONE,False,False,0.1887,MODERATE_RISK,-1,True,-0.021
prod_20000065,20000065,1000020,Phones & Telecommunications,4.75,12,14,43,6,0.1591,0.3333,0.0303,11,0.002585,34,0.9048,0.133,NONE,False,False,0.155,MODERATE_RISK,-1,True,-0.0197
prod_20000455,20000455,1000043,Jewelry & Accessories,4.18,60,118,227,20,0.0201,0.0674,0.0075,28,0.008683,66,0.1199,0.053,NONE,False,False,0.3979,HIGH_RISK,-1,True,-0.0182
prod_20000052,20000052,1000020,Consumer Electronics,4.86,14,14,43,6,0.1486,0.3333,0.0293,11,0.002863,69,0.9333,0.067,NONE,False,False,0.221,MODERATE_RISK,-1,True,-0.0178
prod_20000064,20000064,1000042,Automotive,4.8,10,11,28,4,0.1361,0.2222,0.0315,11,0.00178,34,0.9048,0.133,NONE,False,False,0.1415,LOW_RISK,-1,True,-0.0178
prod_20000002,20000002,1000046,Automotive,5.0,7,10,25,4,0.1604,0.3077,0.0295,10,0.001737,31,0.9238,0.133,NONE,False,False,0.1154,LOW_RISK,-1,True,-0.0173
prod_20000331,20000331,1000024,Home & Garden,4.93,0,0,0,0,0.0,0.0,0.0,0,0.000337,54,0.0,1.0,NONE,False,False,0.1392,LOW_RISK,-1,True,-0.0162
prod_20000414,20000414,1000044,Phones & Telecommunications,5.0,0,0,0,0,0.0,0.0,0.0,0,0.000337,52,0.0,1.0,NONE,False,False,0.056,LOW_RISK,-1,True,-0.0146
prod_20000211,20000211,1000000,Home & Garden,5.0,0,0,0,0,0.0,0.0,0.0,0,0.000337,16,0.0,1.0,NONE,False,False,0.0503,LOW_RISK,-1,True,-0.0146
prod_20000200,20000200,1000029,Computer & Office,5.0,0,0,0,0,0.0,0.0,0.0,0,0.000337,12,0.0,1.0,NONE,False,False,0.1188,LOW_RISK,-1,True,-0.0146
prod_20000226,20000226,1000046,Automotive,5.0,0,0,0,0,0.0,0.0,0.0,0,0.000337,11,0.0,1.0,NONE,False,False,0.0502,LOW_RISK,-1,True,-0.0146
prod_20000195,20000195,1000002,Tools & Home Improvement,5.0,0,0,0,0,0.0,0.0,0.0,0,0.000337,59,0.0,1.0,NONE,False,False,0.2107,MODERATE_RISK,-1,True,-0.0146
prod_20000132,20000132,1000048,Home & Garden,5.0,0,0,0,0,0.0,0.0,0.0,0,0.000337,5,0.0,1.0,NONE,False,False,0.1566,MODERATE_RISK,-1,True,-0.0146
prod_20000344,20000344,1000000,Consumer Electronics,5.0,0,0,0,0,0.0,0.0,0.0,0,0.000337,42,0.0,1.0,NONE,False,False,0.0503,LOW_RISK,-1,True,-0.0146
prod_20000049,20000049,1000046,Jewelry & Accessories,4.8,10,14,39,5,0.1584,0.25,0.0282,11,0.002626,69,0.9333,0.067,NONE,False,False,0.2324,MODERATE_RISK,-1,True,-0.0125
prod_20000043,20000043,1000048,Home & Garden,4.91,11,14,40,5,0.1601,0.3333,0.0281,12,0.002742,57,0.9524,0.133,CHEM_TOXIC,True,True,0.5501,HIGH_RISK,-1,True,-0.0122
prod_20000121,20000121,1000008,Home & Garden,5.0,1,5,5,1,0.2317,0.5,0.0131,5,0.000653,44,0.1131,0.048,NONE,False,False,0.0534,LOW_RISK,-1,True,-0.0117
prod_20000098,20000098,1000047,Home & Garden,4.0,1,3,3,1,0.2217,0.5,0.012,3,0.000478,44,0.1131,0.048,NONE,False,False,0.1017,LOW_RISK,-1,True,-0.0111
prod_20000379,20000379,1000039,Sports & Entertainment,2.0,1,1,1,1,0.0118,0.0118,0.0,1,0.000369,44,0.1131,0.048,CHOKE_CHILD,False,True,0.291,MODERATE_RISK,-1,True,-0.011
prod_20000130,20000130,1000010,Phones & Telecommunications,4.91,0,0,0,0,0.0,0.0,0.0,0,0.000337,20,0.0,1.0,NONE,False,False,0.1406,LOW_RISK,-1,True,-0.0105
prod_20000026,20000026,1000004,Consumer Electronics,4.92,12,11,34,6,0.1605,0.3158,0.0311,11,0.002325,17,0.9429,0.133,NONE,False,False,0.1989,MODERATE_RISK,-1,True,-0.0092
prod_20000030,20000030,1000036,Jewelry & Accessories,5.0,10,14,33,6,0.1378,0.375,0.0247,12,0.002316,57,0.9524,0.133,NONE,False,False,0.2063,MODERATE_RISK,-1,True,-0.0086
prod_20000003,20000003,1000048,Computer & Office,4.8,10,14,38,6,0.1558,0.3529,0.0274,11,0.002496,31,0.9238,0.133,ELEC_SHOCK,False,True,0.2003,MODERATE_RISK,-1,True,-0.008
prod_20000039,20000039,1000027,Computer & Office,4.8,5,13,21,3,0.1189,0.25,0.0206,12,0.00159,57,0.9524,0.133,NONE,False,False,0.1671,MODERATE_RISK,-1,True,-0.0066
prod_20000028,20000028,1000042,Jewelry & Accessories,4.85,13,14,40,5,0.1423,0.3125,0.028,12,0.0027,17,0.9429,0.133,NONE,False,False,0.1983,MODERATE_RISK,-1,True,-0.0061
prod_20000329,20000329,1000043,Computer & Office,4.02,54,110,205,17,0.021,0.0508,0.0076,28,0.007718,66,0.1199,0.053,NONE,False,False,0.3744,HIGH_RISK,-1,True,-0.0055
prod_20000111,20000111,1000046,Tools & Home Improvement,4.89,0,0,0,0,0.0,0.0,0.0,0,0.000337,61,0.0,1.0,NONE,False,False,0.0502,LOW_RISK,-1,True,-0.0049
prod_20000133,20000133,1000019,Home & Garden,4.12,59,107,215,20,0.0204,0.053,0.0081,28,0.008456,66,0.1199,0.053,NONE,False,False,0.4014,HIGH_RISK,-1,True,-0.0048
prod_20000068,20000068,1000016,Computer & Office,4.78,9,12,22,4,0.1025,0.2353,0.0222,11,0.001485,34,0.9048,0.133,NONE,False,False,0.1238,LOW_RISK,-1,True,-0.0047
prod_20000061,20000061,1000037,Tools & Home Improvement,4.92,13,13,41,6,0.1559,0.2609,0.0321,11,0.002492,34,0.9048,0.133,NONE,False,False,0.1787,MODERATE_RISK,-1,True,-0.0041
prod_20000284,20000284,1000028,Consumer Electronics,2.5,2,12,12,1,0.1097,0.5,0.0094,11,0.000831,27,0.1093,0.069,NONE,False,False,0.13,LOW_RISK,-1,True,-0.0031
prod_20000141,20000141,1000049,Phones & Telecommunications,3.5,2,5,6,2,0.1144,0.5,0.0228,4,0.000701,27,0.1093,0.069,NONE,False,False,0.0827,LOW_RISK,-1,True,-0.0025
prod_20000397,20000397,1000037,Tools & Home Improvement,4.09,0,0,0,0,0.0,0.0,0.0,0,0.000337,28,0.0,1.0,NONE,False,False,0.1196,LOW_RISK,-1,True,-0.0023
prod_20000060,20000060,1000005,Sports & Entertainment,5.0,12,14,39,6,0.1403,0.3333,0.0286,11,0.002367,34,0.9048,0.133,NONE,False,False,0.1424,LOW_RISK,-1,True,-0.0019
prod_20000041,20000041,1000028,Phones & Telecommunications,4.88,8,13,22,3,0.1032,0.2,0.0205,12,0.001656,57,0.9524,0.133,NONE,False,False,0.1748,MODERATE_RISK,-1,True,-0.0013
prod_20000177,20000177,1000048,Sports & Entertainment,3.98,47,90,163,19,0.0208,0.0596,0.0084,28,0.006178,27,0.1093,0.069,CHEM_TOXIC,False,True,0.3628,HIGH_RISK,-1,True,-0.0011
prod_20000069,20000069,1000004,Home & Garden,4.83,12,13,40,6,0.1561,0.3158,0.0312,11,0.002418,34,0.9048,0.133,NONE,False,False,0.161,MODERATE_RISK,1,False,0.0002
prod_20000055,20000055,1000032,Phones & Telecommunications,5.0,9,13,33,4,0.1553,0.3636,0.0272,11,0.002277,69,0.9333,0.067,NONE,False,False,0.2264,MODERATE_RISK,1,False,0.0014
prod_20000416,20000416,1000028,Home & Garden,4.35,37,91,162,15,0.0253,0.0541,0.0078,28,0.00645,27,0.1093,0.069,NONE,False,False,0.3368,MODERATE_RISK,1,False,0.0025
prod_20000464,20000464,1000045,Home & Garden,3.0,1,2,2,1,0.1961,0.3333,0.012,2,0.00047,27,0.1093,0.069,CHEM_TOXIC,True,True,0.5933,HIGH_RISK,1,False,0.003
prod_20000239,20000239,1000009,Automotive,4.36,53,104,202,14,0.0219,0.0584,0.0079,28,0.00786,66,0.1199,0.053,NONE,False,False,0.3907,HIGH_RISK,1,False,0.003
prod_20000001,20000001,1000029,Consumer Electronics,4.83,6,12,23,3,0.132,0.3,0.0236,11,0.001641,31,0.9238,0.133,NONE,False,False,0.1544,MODERATE_RISK,1,False,0.0035
prod_20000021,20000021,1000015,Home & Garden,4.92,12,13,37,4,0.1468,0.2,0.0291,12,0.002523,17,0.9429,0.133,NONE,False,False,0.2347,MODERATE_RISK,1,False,0.0041
prod_20000074,20000074,1000006,Computer & Office,4.9,10,13,38,5,0.1609,0.2778,0.0323,11,0.002307,34,0.9048,0.133,NONE,False,False,0.1534,MODERATE_RISK,1,False,0.0045
prod_20000035,20000035,1000003,Phones & Telecommunications,4.86,14,13,35,5,0.1264,0.2273,0.0276,12,0.00243,57,0.9524,0.133,NONE,False,False,0.2047,MODERATE_RISK,1,False,0.0052
prod_20000148,20000148,1000028,Computer & Office,4.19,63,112,234,21,0.0201,0.0596,0.0082,28,0.00878,44,0.1131,0.048,NONE,False,False,0.3943,HIGH_RISK,1,False,0.0055
prod_20000033,20000033,1000027,Tools & Home Improvement,5.0,10,13,36,4,0.1606,0.25,0.0283,12,0.002509,57,0.9524,0.133,NONE,False,False,0.2105,MODERATE_RISK,1,False,0.0056
prod_20000400,20000400,1000007,Phones & Telecommunications,4.15,0,0,0,0,0.0,0.0,0.0,0,0.000337,38,0.0,1.0,NONE,False,False,0.1116,LOW_RISK,1,False,0.0065
prod_20000017,20000017,1000034,Home & Garden,4.93,15,14,36,4,0.1176,0.2,0.0265,12,0.002479,17,0.9429,0.133,NONE,False,False,0.1929,MODERATE_RISK,1,False,0.0067
prod_20000058,20000058,1000036,Home & Garden,4.7,10,13,33,6,0.1424,0.3333,0.0264,11,0.00226,69,0.9333,0.067,NONE,False,False,0.2108,MODERATE_RISK,1,False,0.0067
prod_20000370,20000370,1000029,Automotive,4.13,0,0,0,0,0.0,0.0,0.0,0,0.000337,37,0.0,1.0,NONE,False,False,0.1188,LOW_RISK,1,False,0.0072
prod_20000413,20000413,1000032,Sports & Entertainment,4.13,0,0,0,0,0.0,0.0,0.0,0,0.000337,71,0.0,1.0,NONE,False,False,0.0989,LOW_RISK,1,False,0.0072
prod_20000435,20000435,1000036,Home & Garden,4.13,0,0,0,0,0.0,0.0,0.0,0,0.000337,49,0.0,1.0,NONE,False,False,0.1019,LOW_RISK,1,False,0.0072
prod_20000293,20000293,1000045,Automotive,4.17,0,0,0,0,0.0,0.0,0.0,0,0.000337,63,0.0,1.0,UNCERTIFIED_MED,True,True,0.5878,HIGH_RISK,1,False,0.0074
prod_20000005,20000005,1000032,Home & Garden,5.0,10,12,23,3,0.1012,0.1875,0.0238,11,0.001642,31,0.9238,0.133,NONE,False,False,0.1392,LOW_RISK,1,False,0.0075
prod_20000154,20000154,1000017,Tools & Home Improvement,4.84,0,0,0,0,0.0,0.0,0.0,0,0.000337,14,0.0,1.0,CHEM_TOXIC,False,True,0.2183,MODERATE_RISK,1,False,0.0077
prod_20000011,20000011,1000036,Phones & Telecommunications,5.0,7,11,27,4,0.1598,0.3,0.0283,11,0.001869,31,0.9238,0.133,NONE,False,False,0.1454,LOW_RISK,1,False,0.0077
prod_20000040,20000040,1000029,Home & Garden,5.0,13,14,37,5,0.1322,0.2632,0.0262,12,0.002566,57,0.9524,0.133,NONE,False,False,0.2348,MODERATE_RISK,1,False,0.0077
prod_20000066,20000066,1000029,Phones & Telecommunications,5.0,12,12,33,5,0.1371,0.2632,0.0314,11,0.002057,34,0.9048,0.133,NONE,False,False,0.1716,MODERATE_RISK,1,False,0.0081
prod_20000047,20000047,1000024,Automotive,4.86,14,14,29,4,0.0927,0.16,0.0231,11,0.002035,69,0.9333,0.067,CHEM_TOXIC,True,True,0.541,HIGH_RISK,1,False,0.0082
prod_20000479,20000479,1000032,Home & Garden,5.0,1,3,3,1,0.0073,0.0159,0.0387,3,0.000433,44,0.1131,0.048,NONE,False,False,0.1069,LOW_RISK,1,False,0.0087
prod_20000059,20000059,1000038,Consumer Electronics,4.83,12,13,36,4,0.144,0.2857,0.0275,11,0.002458,69,0.9333,0.067,NONE,False,False,0.283,MODERATE_RISK,1,False,0.0097
prod_20000032,20000032,1000006,Phones & Telecommunications,5.0,10,14,26,4,0.1021,0.2222,0.0217,12,0.001894,57,0.9524,0.133,NONE,False,False,0.1629,MODERATE_RISK,1,False,0.0098
prod_20000424,20000424,1000047,Tools & Home Improvement,4.19,59,104,227,19,0.0222,0.0667,0.0089,28,0.00865,44,0.1131,0.048,NONE,False,False,0.3977,HIGH_RISK,1,False,0.0102
prod_20000199,20000199,1000027,Tools & Home Improvement,4.83,0,0,0,0,0.0,0.0,0.0,0,0.000337,56,0.0,1.0,NONE,False,False,0.0886,LOW_RISK,1,False,0.0104
prod_20000037,20000037,1000015,Home & Garden,5.0,10,12,24,3,0.1087,0.1875,0.0237,12,0.001773,57,0.9524,0.133,NONE,False,False,0.2102,MODERATE_RISK,1,False,0.011
prod_20000445,20000445,1000010,Tools & Home Improvement,4.21,0,0,0,0,0.0,0.0,0.0,0,0.000337,43,0.0,1.0,NONE,False,False,0.1406,LOW_RISK,1,False,0.0112
prod_20000489,20000489,1000040,Automotive,4.18,0,0,0,0,0.0,0.0,0.0,0,0.000337,23,0.0,1.0,NONE,False,False,0.0191,LOW_RISK,1,False,0.0114
prod_20000045,20000045,1000013,Sports & Entertainment,5.0,6,12,24,4,0.1396,0.3636,0.0233,11,0.001735,69,0.9333,0.067,NONE,False,False,0.2947,MODERATE_RISK,1,False,0.013
prod_20000073,20000073,1000035,Automotive,5.0,7,13,33,4,0.1575,0.25,0.0299,11,0.00205,34,0.9048,0.133,NONE,False,False,0.146,LOW_RISK,1,False,0.0134
prod_20000012,20000012,1000046,Jewelry & Accessories,4.93,15,14,33,5,0.1051,0.2083,0.0248,11,0.002225,31,0.9238,0.133,NONE,False,False,0.1281,LOW_RISK,1,False,0.0135
prod_20000171,20000171,1000037,Consumer Electronics,3.78,32,92,150,11,0.027,0.0769,0.0079,28,0.005974,27,0.1093,0.069,NONE,False,False,0.3411,MODERATE_RISK,1,False,0.0135
prod_20000038,20000038,1000034,Jewelry & Accessories,4.89,9,13,28,5,0.1307,0.3333,0.0237,12,0.002017,57,0.9524,0.133,NONE,False,False,0.2008,MODERATE_RISK,1,False,0.0136
prod_20000419,20000419,1000027,Tools & Home Improvement,4.26,0,0,0,0,0.0,0.0,0.0,0,0.000337,18,0.0,1.0,NONE,False,False,0.0886,LOW_RISK,1,False,0.0152
prod_20000044,20000044,1000026,Jewelry & Accessories,5.0,8,13,23,3,0.1104,0.2143,0.0212,12,0.00172,57,0.9524,0.133,NONE,False,False,0.1791,MODERATE_RISK,1,False,0.0164
prod_20000220,20000220,1000047,Tools & Home Improvement,4.0,2,6,6,1,0.1745,0.5,0.0095,5,0.000701,44,0.1131,0.048,NONE,False,False,0.1113,LOW_RISK,1,False,0.0165
prod_20000050,20000050,1000012,Automotive,5.0,6,11,21,4,0.1261,0.2857,0.0225,11,0.001554,69,0.9333,0.067,NONE,False,False,0.1727,MODERATE_RISK,1,False,0.0165
prod_20000019,20000019,1000041,Tools & Home Improvement,4.8,10,13,31,4,0.1392,0.2857,0.0251,12,0.002177,17,0.9429,0.133,NONE,False,False,0.1677,MODERATE_RISK,1,False,0.0168
prod_20000317,20000317,1000005,Tools & Home Improvement,4.0,1,2,2,1,0.0097,0.0169,0.0321,2,0.000401,44,0.1131,0.048,NONE,False,False,0.0678,LOW_RISK,1,False,0.0172
prod_20000179,20000179,1000047,Consumer Electronics,4.8,0,0,0,0,0.0,0.0,0.0,0,0.000337,64,0.0,1.0,NONE,False,False,0.0929,LOW_RISK,1,False,0.0175
prod_20000441,20000441,1000009,Sports & Entertainment,4.8,0,0,0,0,0.0,0.0,0.0,0,0.000337,50,0.0,1.0,NONE,False,False,0.1034,LOW_RISK,1,False,0.0175
prod_20000106,20000106,1000041,Sports & Entertainment,4.05,44,97,173,10,0.0233,0.0625,0.0074,28,0.006734,66,0.1199,0.053,NONE,False,False,0.3634,HIGH_RISK,1,False,0.0179
prod_20000027,20000027,1000004,Home & Garden,5.0,8,12,28,5,0.1461,0.3125,0.025,12,0.001986,17,0.9429,0.133,NONE,False,False,0.1611,MODERATE_RISK,1,False,0.018
prod_20000183,20000183,1000009,Home & Garden,1.0,2,9,9,1,0.0232,0.0769,0.0219,9,0.000638,44,0.1131,0.048,NONE,False,False,0.1278,LOW_RISK,1,False,0.0185
prod_20000160,20000160,1000029,Sports & Entertainment,4.24,46,103,177,15,0.0221,0.0615,0.0072,28,0.006817,44,0.1131,0.048,NONE,False,False,0.3885,HIGH_RISK,1,False,0.0192
prod_20000303,20000303,1000020,Home & Garden,4.73,0,0,0,0,0.0,0.0,0.0,0,0.000337,9,0.0,1.0,NONE,False,False,0.0756,LOW_RISK,1,False,0.0194
prod_20000254,20000254,1000045,Automotive,4.65,0,0,0,0,0.0,0.0,0.0,0,0.000337,51,0.0,1.0,NONE,False,False,0.3486,MODERATE_RISK,1,False,0.0194
prod_20000353,20000353,1000018,Tools & Home Improvement,4.29,51,101,208,18,0.0228,0.0571,0.0091,28,0.007814,44,0.1131,0.048,NONE,False,False,0.386,HIGH_RISK,1,False,0.0197
prod_20000169,20000169,1000010,Jewelry & Accessories,4.77,0,0,0,0,0.0,0.0,0.0,0,0.000337,1,0.0,1.0,UNCERTIFIED_MED,False,True,0.1406,LOW_RISK,1,False,0.0198
prod_20000469,20000469,1000025,Sports & Entertainment,4.64,0,0,0,0,0.0,0.0,0.0,0,0.000337,26,0.0,1.0,NONE,False,False,0.0607,LOW_RISK,1,False,0.0199
prod_20000330,20000330,1000011,Phones & Telecommunications,4.79,0,0,0,0,0.0,0.0,0.0,0,0.000337,2,0.0,1.0,NONE,False,False,0.0438,LOW_RISK,1,False,0.0201
prod_20000343,20000343,1000042,Sports & Entertainment,4.79,0,0,0,0,0.0,0.0,0.0,0,0.000337,7,0.0,1.0,NONE,False,False,0.0833,LOW_RISK,1,False,0.0201
prod_20000324,20000324,1000010,Automotive,1.0,1,5,5,1,0.0614,0.1429,0.0195,5,0.000517,27,0.1093,0.069,NONE,False,False,0.1676,MODERATE_RISK,1,False,0.0202
prod_20000316,20000316,1000044,Sports & Entertainment,3.5,2,6,6,1,0.1638,0.5,0.0141,5,0.000697,44,0.1131,0.048,NONE,False,False,0.0796,LOW_RISK,1,False,0.0204
prod_20000125,20000125,1000035,Consumer Electronics,4.5,2,5,6,2,0.1363,0.5,0.0112,4,0.000719,44,0.1131,0.048,NONE,False,False,0.1011,LOW_RISK,1,False,0.0205
prod_20000100,20000100,1000002,Jewelry & Accessories,3.0,1,3,3,1,0.0111,0.0196,0.0306,3,0.000432,44,0.1131,0.048,UNCERTIFIED_MED,True,True,0.5363,HIGH_RISK,1,False,0.0205
prod_20000016,20000016,1000038,Sports & Entertainment,5.0,7,13,24,4,0.123,0.3333,0.0217,12,0.001759,17,0.9429,0.133,NONE,False,False,0.2333,MODERATE_RISK,1,False,0.0207
prod_20000234,20000234,1000030,Jewelry & Accessories,4.7,0,0,0,0,0.0,0.0,0.0,0,0.000337,47,0.0,1.0,CHEM_TOXIC,False,True,0.1887,MODERATE_RISK,1,False,0.0208
prod_20000127,20000127,1000037,Tools & Home Improvement,4.71,0,0,0,0,0.0,0.0,0.0,0,0.000337,48,0.0,1.0,NONE,False,False,0.1196,LOW_RISK,1,False,0.0214
prod_20000053,20000053,1000037,Jewelry & Accessories,4.88,8,13,30,5,0.1395,0.2778,0.0259,11,0.00208,69,0.9333,0.067,NONE,False,False,0.2198,MODERATE_RISK,1,False,0.0229
prod_20000488,20000488,1000004,Jewelry & Accessories,4.61,0,0,0,0,0.0,0.0,0.0,0,0.000337,39,0.0,1.0,NONE,False,False,0.0798,LOW_RISK,1,False,0.023
prod_20000006,20000006,1000023,Computer & Office,4.82,11,14,34,4,0.1304,0.2222,0.0255,11,0.002289,31,0.9238,0.133,NONE,False,False,0.1336,LOW_RISK,1,False,0.0236
prod_20000036,20000036,1000025,Tools & Home Improvement,5.0,10,13,33,4,0.1496,0.25,0.0269,12,0.002327,57,0.9524,0.133,NONE,False,False,0.1782,MODERATE_RISK,1,False,0.0245
prod_20000152,20000152,1000015,Automotive,3.75,4,6,8,3,0.0137,0.0385,0.0303,6,0.000592,44,0.1131,0.048,NONE,False,False,0.1715,MODERATE_RISK,1,False,0.0249
prod_20000025,20000025,1000045,Consumer Electronics,4.89,9,14,33,5,0.1362,0.3125,0.0249,12,0.002276,17,0.9429,0.133,NONE,False,False,0.3932,HIGH_RISK,1,False,0.0253
prod_20000056,20000056,1000004,Phones & Telecommunications,5.0,9,13,23,3,0.1011,0.2,0.0212,11,0.001688,69,0.9333,0.067,NONE,False,False,0.1911,MODERATE_RISK,1,False,0.0255
prod_20000022,20000022,1000021,Consumer Electronics,4.89,9,14,31,4,0.1346,0.3333,0.0238,12,0.002179,17,0.9429,0.133,NONE,False,False,0.1812,MODERATE_RISK,1,False,0.0255
prod_20000071,20000071,1000034,Automotive,5.0,7,13,26,4,0.1288,0.2667,0.0233,11,0.001697,34,0.9048,0.133,NONE,False,False,0.1327,LOW_RISK,1,False,0.0258
prod_20000054,20000054,1000033,Computer & Office,5.0,11,12,25,4,0.1056,0.2105,0.0237,11,0.001803,69,0.9333,0.067,NONE,False,False,0.1855,MODERATE_RISK,1,False,0.0259
prod_20000480,20000480,1000022,Computer & Office,4.52,0,0,0,0,0.0,0.0,0.0,0,0.000337,58,0.0,1.0,NONE,False,False,0.0,LOW_RISK,1,False,0.0259
prod_20000487,20000487,1000020,Computer & Office,4.52,0,0,0,0,0.0,0.0,0.0,0,0.000337,35,0.0,1.0,NONE,False,False,0.0756,LOW_RISK,1,False,0.0259
prod_20000023,20000023,1000035,Home & Garden,4.91,11,13,28,3,0.114,0.2,0.0239,12,0.001997,17,0.9429,0.133,NONE,False,False,0.1721,MODERATE_RISK,1,False,0.0261
prod_20000351,20000351,1000028,Consumer Electronics,4.3,0,0,0,0,0.0,0.0,0.0,0,0.000337,8,0.0,1.0,NONE,False,False,0.1,LOW_RISK,1,False,0.0264
prod_20000231,20000231,1000018,Computer & Office,4.47,0,0,0,0,0.0,0.0,0.0,0,0.000337,3,0.0,1.0,NONE,False,False,0.0784,LOW_RISK,1,False,0.0266
prod_20000131,20000131,1000032,Tools & Home Improvement,4.57,0,0,0,0,0.0,0.0,0.0,0,0.000337,29,0.0,1.0,NONE,False,False,0.0989,LOW_RISK,1,False,0.0273
prod_20000204,20000204,1000015,Phones & Telecommunications,4.57,0,0,0,0,0.0,0.0,0.0,0,0.000337,65,0.0,1.0,NONE,False,False,0.1541,MODERATE_RISK,1,False,0.0273
prod_20000223,20000223,1000007,Home & Garden,4.56,0,0,0,0,0.0,0.0,0.0,0,0.000337,10,0.0,1.0,NONE,False,False,0.1116,LOW_RISK,1,False,0.0273
prod_20000385,20000385,1000007,Jewelry & Accessories,4.59,0,0,0,0,0.0,0.0,0.0,0,0.000337,25,0.0,1.0,NONE,False,False,0.1116,LOW_RISK,1,False,0.0276
prod_20000236,20000236,1000030,Phones & Telecommunications,4.59,0,0,0,0,0.0,0.0,0.0,0,0.000337,68,0.0,1.0,NONE,False,False,0.1887,MODERATE_RISK,1,False,0.0276
prod_20000123,20000123,1000047,Computer & Office,4.48,0,0,0,0,0.0,0.0,0.0,0,0.000337,53,0.0,1.0,NONE,False,False,0.0929,LOW_RISK,1,False,0.0283
prod_20000013,20000013,1000048,Computer & Office,4.82,11,13,33,4,0.1325,0.2222,0.0269,11,0.002218,31,0.9238,0.133,ELEC_SHOCK,False,True,0.1957,MODERATE_RISK,1,False,0.0283
prod_20000105,20000105,1000049,Automotive,3.95,41,83,140,16,0.0221,0.05,0.0079,28,0.005639,44,0.1131,0.048,NONE,False,False,0.3276,MODERATE_RISK,1,False,0.0289
prod_20000020,20000020,1000033,Jewelry & Accessories,4.89,9,14,31,4,0.1316,0.2857,0.0239,12,0.002172,17,0.9429,0.133,NONE,False,False,0.1706,MODERATE_RISK,1,False,0.0292
prod_20000007,20000007,1000049,Consumer Electronics,5.0,9,12,27,4,0.1253,0.2,0.026,11,0.00187,31,0.9238,0.133,NONE,False,False,0.1206,LOW_RISK,1,False,0.0295
prod_20000004,20000004,1000006,Automotive,5.0,12,13,35,6,0.1415,0.2857,0.0269,11,0.002333,31,0.9238,0.133,NONE,False,False,0.1402,LOW_RISK,1,False,0.0298
prod_20000145,20000145,1000029,Computer & Office,4.31,0,0,0,0,0.0,0.0,0.0,0,0.000337,19,0.0,1.0,NONE,False,False,0.1188,LOW_RISK,1,False,0.0299
prod_20000051,20000051,1000003,Consumer Electronics,4.9,10,13,33,4,0.1413,0.25,0.0267,11,0.002278,69,0.9333,0.067,NONE,False,False,0.2227,MODERATE_RISK,1,False,0.0299
prod_20000076,20000076,1000035,Computer & Office,4.31,0,0,0,0,0.0,0.0,0.0,0,0.000337,67,0.0,1.0,NONE,False,False,0.0799,LOW_RISK,1,False,0.0299
prod_20000333,20000333,1000029,Automotive,4.43,0,0,0,0,0.0,0.0,0.0,0,0.000337,70,0.0,1.0,NONE,False,False,0.1188,LOW_RISK,1,False,0.0301
prod_20000219,20000219,1000035,Tools & Home Improvement,4.44,0,0,0,0,0.0,0.0,0.0,0,0.000337,22,0.0,1.0,NONE,False,False,0.0799,LOW_RISK,1,False,0.0304
prod_20000159,20000159,1000026,Tools & Home Improvement,5.0,1,3,3,1,0.0098,0.0169,0.0293,3,0.000433,27,0.1093,0.069,NONE,False,False,0.1076,LOW_RISK,1,False,0.0305
prod_20000010,20000010,1000015,Consumer Electronics,5.0,7,13,25,4,0.1262,0.3077,0.0229,11,0.001761,31,0.9238,0.133,NONE,False,False,0.1851,MODERATE_RISK,1,False,0.0305
prod_20000363,20000363,1000000,Automotive,4.0,1,2,2,1,0.1684,0.3333,0.0152,2,0.000458,27,0.1093,0.069,NONE,False,False,0.0597,LOW_RISK,1,False,0.0306
prod_20000355,20000355,1000008,Tools & Home Improvement,4.21,38,88,161,13,0.0245,0.0588,0.0094,28,0.00619,66,0.1199,0.053,NONE,False,False,0.3152,MODERATE_RISK,1,False,0.0309
prod_20000077,20000077,1000018,Home & Garden,4.0,1,1,1,1,0.006,0.006,0.0,1,0.000369,44,0.1131,0.048,NONE,False,False,0.0821,LOW_RISK,1,False,0.0311
prod_20000018,20000018,1000019,Sports & Entertainment,5.0,12,13,32,4,0.1224,0.2,0.0267,12,0.002225,17,0.9429,0.133,NONE,False,False,0.2319,MODERATE_RISK,1,False,0.0312
prod_20000034,20000034,1000026,Jewelry & Accessories,4.89,9,13,31,4,0.1423,0.2353,0.0252,12,0.002202,57,0.9524,0.133,NONE,False,False,0.1947,MODERATE_RISK,1,False,0.0313
prod_20000091,20000091,1000023,Consumer Electronics,4.32,0,0,0,0,0.0,0.0,0.0,0,0.000337,15,0.0,1.0,NONE,False,False,0.0583,LOW_RISK,1,False,0.0314
prod_20000085,20000085,1000028,Sports & Entertainment,4.32,0,0,0,0,0.0,0.0,0.0,0,0.000337,6,0.0,1.0,NONE,False,False,0.1,LOW_RISK,1,False,0.0314
prod_20000024,20000024,1000014,Consumer Electronics,5.0,9,13,27,3,0.1209,0.2143,0.0241,12,0.001936,17,0.9429,0.133,NONE,False,False,0.156,MODERATE_RISK,1,False,0.0317
prod_20000008,20000008,1000020,Jewelry & Accessories,5.0,10,14,34,4,0.1388,0.3077,0.0259,11,0.002279,31,0.9238,0.133,NONE,False,False,0.1435,LOW_RISK,1,False,0.0326
prod_20000048,20000048,1000018,Sports & Entertainment,5.0,9,13,28,4,0.1233,0.2105,0.0245,11,0.001972,69,0.9333,0.067,NONE,False,False,0.1891,MODERATE_RISK,1,False,0.0342
prod_20000089,20000089,1000035,Computer & Office,4.49,39,69,131,18,0.0233,0.0696,0.01,28,0.005046,44,0.1131,0.048,NONE,False,False,0.2951,MODERATE_RISK,1,False,0.0343
prod_20000318,20000318,1000034,Sports & Entertainment,4.41,0,0,0,0,0.0,0.0,0.0,0,0.000337,13,0.0,1.0,NONE,False,False,0.0819,LOW_RISK,1,False,0.0345
prod_20000114,20000114,1000002,Sports & Entertainment,3.82,28,75,123,12,0.0274,0.0833,0.0093,28,0.004809,27,0.1093,0.069,ELEC_SHOCK,False,True,0.3514,HIGH_RISK,1,False,0.0346
prod_20000451,20000451,1000038,Jewelry & Accessories,1.0,1,4,4,1,0.042,0.1,0.0189,4,0.000479,44,0.1131,0.048,ELEC_SHOCK,True,True,0.5287,HIGH_RISK,1,False,0.0348
prod_20000198,20000198,1000026,Jewelry & Accessories,3.76,34,83,134,9,0.0257,0.0588,0.0085,28,0.00517,66,0.1199,0.053,NONE,False,False,0.3093,MODERATE_RISK,1,False,0.0353
prod_20000280,20000280,1000032,Consumer Electronics,5.0,1,7,7,1,0.1495,0.5,0.0142,7,0.000632,27,0.1093,0.069,NONE,False,False,0.1188,LOW_RISK,1,False,0.0358
prod_20000302,20000302,1000021,Sports & Entertainment,4.35,0,0,0,0,0.0,0.0,0.0,0,0.000337,33,0.0,1.0,NONE,False,False,0.0868,LOW_RISK,1,False,0.0359
prod_20000217,20000217,1000015,Automotive,4.4,0,0,0,0,0.0,0.0,0.0,0,0.000337,30,0.0,1.0,NONE,False,False,0.1541,MODERATE_RISK,1,False,0.036
prod_20000460,20000460,1000048,Automotive,4.4,0,0,0,0,0.0,0.0,0.0,0,0.000337,36,0.0,1.0,ELEC_SHOCK,False,True,0.1566,MODERATE_RISK,1,False,0.036
prod_20000084,20000084,1000016,Computer & Office,5.0,1,4,4,1,0.0184,0.0588,0.0307,4,0.000471,27,0.1093,0.069,NONE,False,False,0.0878,LOW_RISK,1,False,0.0366
prod_20000015,20000015,1000010,Automotive,5.0,9,13,28,4,0.1234,0.2857,0.0239,12,0.001987,17,0.9429,0.133,NONE,False,False,0.2028,MODERATE_RISK,1,False,0.0366
prod_20000386,20000386,1000042,Home & Garden,4.11,35,92,159,14,0.0256,0.0674,0.0085,28,0.00605,44,0.1131,0.048,NONE,False,False,0.3399,MODERATE_RISK,1,False,0.0373
prod_20000230,20000230,1000002,Consumer Electronics,4.36,0,0,0,0,0.0,0.0,0.0,0,0.000337,24,0.0,1.0,NONE,False,False,0.2107,MODERATE_RISK,1,False,0.0379
prod_20000079,20000079,1000040,Automotive,4.36,0,0,0,0,0.0,0.0,0.0,0,0.000337,32,0.0,1.0,NONE,False,False,0.0191,LOW_RISK,1,False,0.0379
prod_20000262,20000262,1000007,Jewelry & Accessories,4.36,0,0,0,0,0.0,0.0,0.0,0,0.000337,0,0.0,1.0,NONE,False,False,0.1116,LOW_RISK,1,False,0.0379
prod_20000341,20000341,1000036,Tools & Home Improvement,4.36,0,0,0,0,0.0,0.0,0.0,0,0.000337,41,0.0,1.0,NONE,False,False,0.1019,LOW_RISK,1,False,0.0379
prod_20000103,20000103,1000001,Home & Garden,5.0,3,5,7,2,0.0377,0.125,0.0304,5,0.000584,44,0.1131,0.048,NONE,False,False,0.0987,LOW_RISK,1,False,0.0466
prod_20000288,20000288,1000010,Automotive,4.3,37,79,143,15,0.0245,0.0702,0.0092,28,0.005526,44,0.1131,0.048,NONE,False,False,0.346,MODERATE_RISK,1,False,0.047
prod_20000335,20000335,1000018,Computer & Office,3.83,23,64,109,11,0.0306,0.0789,0.0104,28,0.00421,27,0.1093,0.069,NONE,False,False,0.2665,MODERATE_RISK,1,False,0.0493
prod_20000214,20000214,1000030,Jewelry & Accessories,4.39,28,75,117,10,0.0269,0.0625,0.0084,28,0.004647,27,0.1093,0.069,CHOKE_CHILD,False,True,0.3377,MODERATE_RISK,1,False,0.0517
prod_20000108,20000108,1000007,Automotive,5.0,1,3,3,1,0.1493,0.25,0.012,3,0.000462,66,0.1199,0.053,NONE,False,False,0.1353,LOW_RISK,1,False,0.052
prod_20000308,20000308,1000041,Computer & Office,4.16,37,77,126,13,0.0232,0.0588,0.0086,28,0.004834,66,0.1199,0.053,NONE,False,False,0.2967,MODERATE_RISK,1,False,0.0527
prod_20000422,20000422,1000005,Phones & Telecommunications,2.5,2,6,6,1,0.0356,0.1667,0.0229,6,0.000537,27,0.1093,0.069,NONE,False,False,0.084,LOW_RISK,1,False,0.0551
prod_20000463,20000463,1000008,Sports & Entertainment,5.0,1,2,2,1,0.1372,0.25,0.012,2,0.000434,44,0.1131,0.048,NONE,False,False,0.0349,LOW_RISK,1,False,0.0566
prod_20000273,20000273,1000022,Sports & Entertainment,5.0,1,2,2,1,0.1268,0.25,0.0152,2,0.000433,27,0.1093,0.069,NONE,False,False,0.031,LOW_RISK,1,False,0.0572
prod_20000417,20000417,1000021,Jewelry & Accessories,4.0,2,10,10,1,0.0774,0.5,0.0155,9,0.000773,44,0.1131,0.048,NONE,False,False,0.1148,LOW_RISK,1,False,0.0577
prod_20000433,20000433,1000006,Tools & Home Improvement,3.87,30,76,112,6,0.0246,0.0513,0.0089,28,0.004433,66,0.1199,0.053,NONE,False,False,0.2717,MODERATE_RISK,1,False,0.058
prod_20000283,20000283,1000023,Jewelry & Accessories,5.0,1,2,2,1,0.1071,0.1429,0.012,2,0.000419,66,0.1199,0.053,NONE,False,False,0.0696,LOW_RISK,1,False,0.0587
prod_20000490,20000490,1000037,Consumer Electronics,3.0,1,3,3,1,0.0898,0.25,0.0189,3,0.000471,66,0.1199,0.053,NONE,False,False,0.1261,LOW_RISK,1,False,0.0589
prod_20000256,20000256,1000014,Automotive,4.0,1,3,3,1,0.1333,0.25,0.012,3,0.000468,27,0.1093,0.069,NONE,False,False,0.0846,LOW_RISK,1,False,0.0594
prod_20000295,20000295,1000029,Computer & Office,4.42,24,69,97,8,0.0286,0.069,0.0078,28,0.003953,27,0.1093,0.069,NONE,False,False,0.281,MODERATE_RISK,1,False,0.0606
prod_20000181,20000181,1000002,Consumer Electronics,4.13,23,75,113,6,0.0298,0.0968,0.0088,28,0.004418,66,0.1199,0.053,NONE,False,False,0.3458,MODERATE_RISK,1,False,0.0639
prod_20000309,20000309,1000002,Computer & Office,2.5,2,9,9,1,0.0772,0.25,0.0122,8,0.000716,27,0.1093,0.069,NONE,False,False,0.2381,MODERATE_RISK,1,False,0.0652
prod_20000218,20000218,1000037,Tools & Home Improvement,3.67,3,6,7,2,0.0797,0.3333,0.0133,5,0.00073,27,0.1093,0.069,NONE,False,False,0.1371,LOW_RISK,1,False,0.0656
prod_20000476,20000476,1000047,Tools & Home Improvement,2.5,2,5,5,1,0.0228,0.0435,0.0188,5,0.000503,44,0.1131,0.048,NONE,False,False,0.1082,LOW_RISK,1,False,0.0668
prod_20000244,20000244,1000019,Sports & Entertainment,4.5,24,62,98,12,0.0285,0.0682,0.01,28,0.003828,44,0.1131,0.048,NONE,False,False,0.3079,MODERATE_RISK,1,False,0.0676
prod_20000456,20000456,1000042,Automotive,3.0,1,5,5,1,0.0223,0.0357,0.0195,5,0.000501,27,0.1093,0.069,NONE,False,False,0.0999,LOW_RISK,1,False,0.0676
prod_20000274,20000274,1000020,Phones & Telecommunications,3.5,2,7,8,2,0.0207,0.0526,0.0237,7,0.000598,44,0.1131,0.048,NONE,False,False,0.1006,LOW_RISK,1,False,0.0696
prod_20000184,20000184,1000030,Phones & Telecommunications,3.87,23,62,104,10,0.03,0.0857,0.0098,28,0.004078,44,0.1131,0.048,NONE,False,False,0.3478,MODERATE_RISK,1,False,0.0715
prod_20000104,20000104,1000021,Automotive,3.94,17,48,59,4,0.0328,0.0556,0.0069,27,0.002615,27,0.1093,0.069,NONE,False,False,0.2437,MODERATE_RISK,1,False,0.0715
prod_20000404,20000404,1000002,Automotive,4.0,4,16,16,1,0.0809,0.25,0.007,13,0.001069,27,0.1093,0.069,NONE,False,False,0.2324,MODERATE_RISK,1,False,0.0719
prod_20000118,20000118,1000007,Automotive,4.52,25,64,96,7,0.0274,0.0536,0.009,28,0.003827,66,0.1199,0.053,NONE,False,False,0.2756,MODERATE_RISK,1,False,0.0723
prod_20000170,20000170,1000039,Consumer Electronics,2.5,2,8,9,2,0.0347,0.125,0.0178,8,0.000635,66,0.1199,0.053,CHOKE_CHILD,False,True,0.3236,MODERATE_RISK,1,False,0.0723
prod_20000496,20000496,1000037,Consumer Electronics,4.05,21,63,94,10,0.0313,0.0938,0.009,28,0.003719,66,0.1199,0.053,NONE,False,False,0.2749,MODERATE_RISK,1,False,0.0723
prod_20000452,20000452,1000017,Home & Garden,4.25,24,68,104,11,0.0296,0.0769,0.0085,28,0.004187,44,0.1131,0.048,NONE,False,False,0.3463,MODERATE_RISK,1,False,0.0723
prod_20000345,20000345,1000047,Jewelry & Accessories,3.96,26,65,89,6,0.0277,0.093,0.0076,28,0.003731,44,0.1131,0.048,NONE,False,False,0.249,MODERATE_RISK,1,False,0.0725
prod_20000357,20000357,1000016,Jewelry & Accessories,3.0,2,4,5,2,0.0738,0.125,0.0143,4,0.00052,66,0.1199,0.053,NONE,False,False,0.0892,LOW_RISK,1,False,0.0727
prod_20000191,20000191,1000045,Home & Garden,3.38,13,37,47,3,0.0288,0.0714,0.0127,28,0.002003,44,0.1131,0.048,NONE,False,False,0.4026,HIGH_RISK,1,False,0.0729
prod_20000185,20000185,1000013,Jewelry & Accessories,3.72,25,58,90,8,0.0287,0.08,0.0092,28,0.003958,44,0.1131,0.048,UNCERTIFIED_MED,False,True,0.3395,MODERATE_RISK,1,False,0.073
prod_20000142,20000142,1000014,Computer & Office,5.0,1,4,4,1,0.0188,0.0417,0.0234,4,0.000467,66,0.1199,0.053,NONE,False,False,0.0844,LOW_RISK,1,False,0.0732
prod_20000440,20000440,1000022,Consumer Electronics,4.18,28,60,93,8,0.0272,0.0571,0.0087,28,0.003789,27,0.1093,0.069,NONE,False,False,0.2349,MODERATE_RISK,1,False,0.074
prod_20000258,20000258,1000007,Home & Garden,3.0,1,5,5,1,0.0829,0.25,0.0154,5,0.000531,66,0.1199,0.053,NONE,False,False,0.123,LOW_RISK,1,False,0.0746
prod_20000349,20000349,1000048,Computer & Office,5.0,2,12,13,2,0.0888,0.3333,0.0102,11,0.000833,66,0.1199,0.053,NONE,False,False,0.1776,MODERATE_RISK,1,False,0.0747
prod_20000406,20000406,1000030,Sports & Entertainment,4.12,25,62,96,7,0.0285,0.0811,0.0089,28,0.00392,27,0.1093,0.069,NONE,False,False,0.3287,MODERATE_RISK,1,False,0.0748
prod_20000338,20000338,1000016,Jewelry & Accessories,3.71,7,19,24,3,0.054,0.2857,0.0114,17,0.001251,66,0.1199,0.053,NONE,False,False,0.1408,LOW_RISK,1,False,0.075
prod_20000434,20000434,1000023,Phones & Telecommunications,5.0,2,6,6,1,0.0964,0.2,0.0063,6,0.00058,44,0.1131,0.048,NONE,False,False,0.0916,LOW_RISK,1,False,0.0751
prod_20000474,20000474,1000027,Sports & Entertainment,3.4,5,23,25,3,0.0558,0.2,0.0102,17,0.001278,66,0.1199,0.053,NONE,False,False,0.1478,LOW_RISK,1,False,0.0753
prod_20000300,20000300,1000037,Jewelry & Accessories,4.33,3,7,7,1,0.1067,0.3333,0.0105,6,0.000779,27,0.1093,0.069,NONE,False,False,0.19,MODERATE_RISK,1,False,0.0754
prod_20000446,20000446,1000046,Tools & Home Improvement,4.09,23,61,91,8,0.028,0.0833,0.0096,28,0.003687,27,0.1093,0.069,NONE,False,False,0.2475,MODERATE_RISK,1,False,0.0755
prod_20000135,20000135,1000015,Jewelry & Accessories,5.0,1,2,2,1,0.0643,0.125,0.012,2,0.000414,27,0.1093,0.069,NONE,False,False,0.1577,MODERATE_RISK,1,False,0.076
prod_20000420,20000420,1000016,Tools & Home Improvement,3.86,7,28,32,3,0.0571,0.1429,0.0077,20,0.00171,27,0.1093,0.069,NONE,False,False,0.1639,MODERATE_RISK,1,False,0.0762
prod_20000325,20000325,1000002,Tools & Home Improvement,3.33,3,16,18,2,0.0638,0.25,0.0135,15,0.000998,27,0.1093,0.069,NONE,False,False,0.245,MODERATE_RISK,1,False,0.0763
prod_20000384,20000384,1000025,Automotive,3.0,2,6,6,1,0.088,0.25,0.009,6,0.000591,44,0.1131,0.048,NONE,False,False,0.0835,LOW_RISK,1,False,0.0765
prod_20000346,20000346,1000049,Home & Garden,5.0,2,7,8,2,0.082,0.2857,0.0132,7,0.000632,66,0.1199,0.053,NONE,False,False,0.088,LOW_RISK,1,False,0.0767
prod_20000257,20000257,1000037,Home & Garden,4.22,18,62,89,8,0.0309,0.0789,0.0097,28,0.003572,27,0.1093,0.069,NONE,False,False,0.3278,MODERATE_RISK,1,False,0.0771
prod_20000150,20000150,1000048,Home & Garden,4.38,13,52,70,6,0.0386,0.0909,0.0087,28,0.002866,27,0.1093,0.069,NONE,False,False,0.2614,MODERATE_RISK,1,False,0.0773
prod_20000269,20000269,1000017,Consumer Electronics,5.0,1,3,3,1,0.0514,0.1429,0.0208,3,0.000446,27,0.1093,0.069,CHEM_TOXIC,False,True,0.2237,MODERATE_RISK,1,False,0.0777
prod_20000314,20000314,1000009,Phones & Telecommunications,4.45,22,59,79,10,0.0273,0.0645,0.0083,28,0.003194,44,0.1131,0.048,NONE,False,False,0.2496,MODERATE_RISK,1,False,0.0786
prod_20000224,20000224,1000007,Computer & Office,4.67,3,17,17,1,0.0698,0.25,0.0091,14,0.00099,27,0.1093,0.069,NONE,False,False,0.1479,LOW_RISK,1,False,0.079
prod_20000448,20000448,1000009,Computer & Office,3.0,1,4,4,1,0.0315,0.0556,0.0186,4,0.000471,66,0.1199,0.053,NONE,False,False,0.1133,LOW_RISK,1,False,0.0796
prod_20000281,20000281,1000034,Jewelry & Accessories,3.0,2,7,8,2,0.0579,0.0909,0.0164,7,0.000621,27,0.1093,0.069,NONE,False,False,0.1065,LOW_RISK,1,False,0.0799
prod_20000235,20000235,1000011,Consumer Electronics,4.41,17,49,66,6,0.0281,0.0556,0.0109,28,0.002633,27,0.1093,0.069,NONE,False,False,0.2222,MODERATE_RISK,1,False,0.0808
prod_20000192,20000192,1000037,Home & Garden,4.4,15,38,57,5,0.0323,0.1111,0.0127,28,0.002323,27,0.1093,0.069,CHOKE_CHILD,False,True,0.2293,MODERATE_RISK,1,False,0.0808
prod_20000468,20000468,1000020,Sports & Entertainment,4.25,24,70,97,7,0.0272,0.0612,0.0087,28,0.003918,66,0.1199,0.053,NONE,False,False,0.2589,MODERATE_RISK,1,False,0.0809
prod_20000362,20000362,1000023,Phones & Telecommunications,4.6,5,19,26,4,0.0437,0.1667,0.0169,17,0.001259,27,0.1093,0.069,NONE,False,False,0.1523,MODERATE_RISK,1,False,0.082
prod_20000097,20000097,1000021,Sports & Entertainment,3.0,1,4,4,1,0.0257,0.0385,0.0178,4,0.000468,44,0.1131,0.048,NONE,False,False,0.0994,LOW_RISK,1,False,0.0823
prod_20000439,20000439,1000048,Automotive,4.11,19,57,81,6,0.0305,0.0833,0.0101,28,0.003199,27,0.1093,0.069,NONE,False,False,0.2734,MODERATE_RISK,1,False,0.0823
prod_20000310,20000310,1000037,Tools & Home Improvement,3.86,7,20,28,4,0.0388,0.1429,0.0164,19,0.001338,27,0.1093,0.069,NONE,False,False,0.1909,MODERATE_RISK,1,False,0.0826
prod_20000372,20000372,1000002,Consumer Electronics,4.0,1,3,3,1,0.0276,0.0417,0.021,3,0.000438,44,0.1131,0.048,NONE,False,False,0.2161,MODERATE_RISK,1,False,0.083
prod_20000187,20000187,1000038,Phones & Telecommunications,4.18,22,65,101,7,0.0314,0.0698,0.0093,28,0.004034,66,0.1199,0.053,NONE,False,False,0.3406,MODERATE_RISK,1,False,0.0832
prod_20000367,20000367,1000043,Home & Garden,4.12,8,27,33,3,0.0275,0.0769,0.0147,24,0.001452,27,0.1093,0.069,NONE,False,False,0.1586,MODERATE_RISK,1,False,0.0836
prod_20000158,20000158,1000013,Phones & Telecommunications,3.0,5,16,17,2,0.0495,0.0909,0.0068,16,0.000932,66,0.1199,0.053,UNCERTIFIED_MED,True,True,0.5597,HIGH_RISK,1,False,0.0838
prod_20000122,20000122,1000042,Sports & Entertainment,5.0,2,8,8,1,0.0933,0.25,0.0086,8,0.000651,27,0.1093,0.069,NONE,False,False,0.1075,LOW_RISK,1,False,0.0841
prod_20000438,20000438,1000011,Automotive,5.0,1,3,3,1,0.0435,0.1111,0.0207,3,0.000444,66,0.1199,0.053,NONE,False,False,0.0599,LOW_RISK,1,False,0.0843
prod_20000450,20000450,1000028,Sports & Entertainment,3.5,2,6,6,1,0.077,0.25,0.009,6,0.00056,66,0.1199,0.053,NONE,False,False,0.1149,LOW_RISK,1,False,0.0846
prod_20000174,20000174,1000016,Sports & Entertainment,3.75,4,12,13,2,0.0774,0.25,0.0101,10,0.000984,27,0.1093,0.069,NONE,False,False,0.1127,LOW_RISK,1,False,0.0846
prod_20000361,20000361,1000046,Sports & Entertainment,4.0,1,4,4,1,0.0249,0.0667,0.021,4,0.000469,66,0.1199,0.053,NONE,False,False,0.0694,LOW_RISK,1,False,0.085
prod_20000427,20000427,1000007,Sports & Entertainment,3.75,4,13,14,2,0.0793,0.2,0.0079,10,0.000943,44,0.1131,0.048,NONE,False,False,0.1414,LOW_RISK,1,False,0.0854
prod_20000188,20000188,1000019,Phones & Telecommunications,5.0,1,3,3,1,0.0822,0.1429,0.0149,3,0.00045,27,0.1093,0.069,NONE,False,False,0.1669,MODERATE_RISK,1,False,0.0855
prod_20000373,20000373,1000031,Phones & Telecommunications,4.33,18,56,72,5,0.033,0.087,0.0064,28,0.003019,66,0.1199,0.053,NONE,False,False,0.2135,MODERATE_RISK,1,False,0.0857
prod_20000425,20000425,1000035,Consumer Electronics,5.0,1,3,3,1,0.0759,0.2,0.0144,3,0.000446,66,0.1199,0.053,NONE,False,False,0.0911,LOW_RISK,1,False,0.0863
prod_20000304,20000304,1000015,Sports & Entertainment,4.29,14,50,61,4,0.0355,0.0909,0.0082,28,0.002656,27,0.1093,0.069,CHOKE_CHILD,True,True,0.5661,HIGH_RISK,1,False,0.0864
prod_20000328,20000328,1000033,Sports & Entertainment,4.33,6,28,32,3,0.0557,0.1429,0.009,21,0.001584,27,0.1093,0.069,NONE,False,False,0.1442,LOW_RISK,1,False,0.0869
prod_20000094,20000094,1000026,Computer & Office,4.0,24,60,90,7,0.0294,0.0698,0.0086,28,0.003629,66,0.1199,0.053,NONE,False,False,0.257,MODERATE_RISK,1,False,0.0871
prod_20000110,20000110,1000006,Sports & Entertainment,4.0,3,7,8,2,0.0511,0.2,0.022,7,0.000617,44,0.1131,0.048,NONE,False,False,0.0993,LOW_RISK,1,False,0.0871
prod_20000407,20000407,1000043,Phones & Telecommunications,4.0,15,46,60,5,0.035,0.1111,0.0091,28,0.002621,27,0.1093,0.069,NONE,False,False,0.1953,MODERATE_RISK,1,False,0.0874
prod_20000276,20000276,1000031,Automotive,4.8,10,38,51,5,0.0403,0.0909,0.0106,26,0.002175,66,0.1199,0.053,NONE,False,False,0.1865,MODERATE_RISK,1,False,0.0877
prod_20000473,20000473,1000027,Phones & Telecommunications,3.79,14,44,59,6,0.033,0.0938,0.0105,27,0.002401,66,0.1199,0.053,NONE,False,False,0.2244,MODERATE_RISK,1,False,0.0879
prod_20000486,20000486,1000036,Tools & Home Improvement,3.8,20,51,74,8,0.03,0.0667,0.0095,28,0.00305,44,0.1131,0.048,NONE,False,False,0.2434,MODERATE_RISK,1,False,0.0879
prod_20000137,20000137,1000026,Home & Garden,3.25,4,12,12,1,0.036,0.2,0.0177,11,0.000779,66,0.1199,0.053,NONE,False,False,0.1585,MODERATE_RISK,1,False,0.0879
prod_20000112,20000112,1000038,Phones & Telecommunications,4.35,26,52,82,8,0.0261,0.0588,0.0111,28,0.003408,44,0.1131,0.048,NONE,False,False,0.2957,MODERATE_RISK,1,False,0.0887
prod_20000378,20000378,1000041,Phones & Telecommunications,4.45,11,38,41,2,0.0337,0.1538,0.0089,28,0.001774,66,0.1199,0.053,NONE,False,False,0.1781,MODERATE_RISK,1,False,0.0891
prod_20000359,20000359,1000029,Phones & Telecommunications,4.12,17,45,66,7,0.0337,0.0741,0.0097,27,0.002994,27,0.1093,0.069,NONE,False,False,0.2628,MODERATE_RISK,1,False,0.0892
prod_20000162,20000162,1000049,Consumer Electronics,3.0,1,4,4,1,0.065,0.1,0.0147,4,0.000483,44,0.1131,0.048,NONE,False,False,0.0752,LOW_RISK,1,False,0.0892
prod_20000139,20000139,1000025,Home & Garden,3.25,8,24,28,4,0.0379,0.125,0.011,20,0.001493,44,0.1131,0.048,NONE,False,False,0.1428,LOW_RISK,1,False,0.0892
prod_20000458,20000458,1000003,Consumer Electronics,3.6,10,23,32,5,0.0358,0.0909,0.0141,20,0.001471,44,0.1131,0.048,NONE,False,False,0.1715,MODERATE_RISK,1,False,0.0893
prod_20000392,20000392,1000049,Computer & Office,4.33,3,5,5,1,0.0874,0.2,0.0089,5,0.000547,27,0.1093,0.069,ELEC_SHOCK,False,True,0.0794,LOW_RISK,1,False,0.0894
prod_20000088,20000088,1000002,Tools & Home Improvement,4.64,14,42,56,5,0.0357,0.1,0.0101,27,0.00243,66,0.1199,0.053,NONE,False,False,0.3363,MODERATE_RISK,1,False,0.0895
prod_20000206,20000206,1000029,Sports & Entertainment,4.14,21,54,79,8,0.029,0.0833,0.0098,28,0.003216,66,0.1199,0.053,NONE,False,False,0.256,MODERATE_RISK,1,False,0.0897
prod_20000339,20000339,1000012,Sports & Entertainment,5.0,1,5,5,1,0.084,0.1429,0.0127,5,0.000525,66,0.1199,0.053,NONE,False,False,0.0866,LOW_RISK,1,False,0.0898
prod_20000101,20000101,1000012,Jewelry & Accessories,5.0,2,3,3,1,0.0586,0.125,0.0149,3,0.000458,66,0.1199,0.053,NONE,False,False,0.0842,LOW_RISK,1,False,0.0908
prod_20000382,20000382,1000023,Phones & Telecommunications,5.0,1,7,7,1,0.0227,0.0625,0.0185,7,0.000568,66,0.1199,0.053,NONE,False,False,0.0868,LOW_RISK,1,False,0.0908
prod_20000337,20000337,1000019,Sports & Entertainment,5.0,1,5,5,1,0.0353,0.0909,0.0214,5,0.000509,44,0.1131,0.048,NONE,False,False,0.171,MODERATE_RISK,1,False,0.0908
prod_20000313,20000313,1000009,Sports & Entertainment,4.0,2,8,8,1,0.0772,0.3333,0.0153,8,0.000626,66,0.1199,0.053,NONE,False,False,0.1262,LOW_RISK,1,False,0.091
prod_20000459,20000459,1000019,Home & Garden,4.29,7,35,39,2,0.0473,0.125,0.0079,26,0.001741,66,0.1199,0.053,NONE,False,False,0.2604,MODERATE_RISK,1,False,0.0912
prod_20000403,20000403,1000032,Home & Garden,4.09,11,45,56,3,0.0368,0.0968,0.0107,28,0.002288,27,0.1093,0.069,NONE,False,False,0.2182,MODERATE_RISK,1,False,0.0912
prod_20000491,20000491,1000032,Phones & Telecommunications,4.0,2,8,8,1,0.0193,0.0714,0.0234,8,0.000598,44,0.1131,0.048,NONE,False,False,0.1268,LOW_RISK,1,False,0.0913
prod_20000290,20000290,1000014,Phones & Telecommunications,4.67,3,8,9,2,0.0321,0.125,0.0205,8,0.000643,27,0.1093,0.069,NONE,False,False,0.1008,LOW_RISK,1,False,0.0914
prod_20000093,20000093,1000006,Tools & Home Improvement,5.0,3,14,16,2,0.0816,0.25,0.0123,12,0.000958,66,0.1199,0.053,NONE,False,False,0.1175,LOW_RISK,1,False,0.0915
prod_20000299,20000299,1000018,Automotive,4.67,3,7,8,2,0.0301,0.1,0.0215,7,0.000612,44,0.1131,0.048,NONE,False,False,0.1036,LOW_RISK,1,False,0.0919
prod_20000495,20000495,1000038,Sports & Entertainment,5.0,4,16,20,3,0.067,0.25,0.0106,15,0.001066,44,0.1131,0.048,NONE,False,False,0.2418,MODERATE_RISK,1,False,0.0921
prod_20000253,20000253,1000002,Home & Garden,4.0,7,19,26,4,0.0368,0.0952,0.016,19,0.001214,27,0.1093,0.069,NONE,False,False,0.2479,MODERATE_RISK,1,False,0.0922
prod_20000203,20000203,1000027,Automotive,3.69,13,39,48,2,0.034,0.0769,0.0094,27,0.002143,66,0.1199,0.053,NONE,False,False,0.1883,MODERATE_RISK,1,False,0.0922
prod_20000201,20000201,1000011,Automotive,4.0,1,4,4,1,0.092,0.1429,0.0126,4,0.000495,66,0.1199,0.053,NONE,False,False,0.0798,LOW_RISK,1,False,0.0922
prod_20000461,20000461,1000020,Phones & Telecommunications,4.48,23,50,78,6,0.0308,0.0833,0.0091,27,0.003215,44,0.1131,0.048,NONE,False,False,0.2315,MODERATE_RISK,1,False,0.0926
prod_20000272,20000272,1000031,Phones & Telecommunications,4.0,1,7,7,1,0.0201,0.0455,0.02,7,0.000564,66,0.1199,0.053,NONE,False,False,0.0738,LOW_RISK,1,False,0.0926
prod_20000444,20000444,1000026,Jewelry & Accessories,4.0,1,4,4,1,0.0601,0.2,0.0179,4,0.000487,66,0.1199,0.053,NONE,False,False,0.1114,LOW_RISK,1,False,0.0928
prod_20000340,20000340,1000006,Home & Garden,4.18,11,27,36,3,0.0361,0.1667,0.0133,23,0.001659,27,0.1093,0.069,NONE,False,False,0.1628,MODERATE_RISK,1,False,0.0928
prod_20000296,20000296,1000012,Computer & Office,3.6,5,15,18,2,0.0499,0.2,0.0155,13,0.001017,27,0.1093,0.069,NONE,False,False,0.1245,LOW_RISK,1,False,0.0931
prod_20000482,20000482,1000012,Computer & Office,3.73,11,32,41,4,0.0387,0.0833,0.0094,25,0.001839,27,0.1093,0.069,NONE,False,False,0.1981,MODERATE_RISK,1,False,0.0938
prod_20000233,20000233,1000000,Automotive,5.0,4,14,14,1,0.0318,0.0769,0.015,14,0.000811,27,0.1093,0.069,NONE,False,False,0.1061,LOW_RISK,1,False,0.0939
prod_20000396,20000396,1000000,Tools & Home Improvement,4.8,5,10,11,2,0.0279,0.0909,0.0209,10,0.000706,44,0.1131,0.048,NONE,False,False,0.094,LOW_RISK,1,False,0.0941
prod_20000481,20000481,1000006,Computer & Office,4.75,4,22,24,2,0.0524,0.25,0.0115,18,0.001272,66,0.1199,0.053,NONE,False,False,0.1537,MODERATE_RISK,1,False,0.0942
prod_20000484,20000484,1000049,Jewelry & Accessories,3.5,2,7,7,1,0.0685,0.25,0.0107,6,0.000619,66,0.1199,0.053,NONE,False,False,0.0879,LOW_RISK,1,False,0.0942
prod_20000319,20000319,1000040,Jewelry & Accessories,3.75,8,32,39,3,0.0424,0.1111,0.0107,26,0.001733,66,0.1199,0.053,NONE,False,False,0.1721,MODERATE_RISK,1,False,0.0947
prod_20000221,20000221,1000044,Jewelry & Accessories,3.62,8,34,38,4,0.0414,0.125,0.0091,26,0.001813,44,0.1131,0.048,NONE,False,False,0.1602,MODERATE_RISK,1,False,0.095
prod_20000153,20000153,1000004,Automotive,5.0,1,6,6,1,0.0816,0.1667,0.0182,6,0.000566,27,0.1093,0.069,NONE,False,False,0.0977,LOW_RISK,1,False,0.0951
prod_20000291,20000291,1000007,Computer & Office,4.6,10,33,45,3,0.0374,0.087,0.0128,25,0.00191,66,0.1199,0.053,NONE,False,False,0.2214,MODERATE_RISK,1,False,0.0953
prod_20000270,20000270,1000030,Jewelry & Accessories,4.13,15,44,68,8,0.0361,0.1111,0.0111,28,0.002772,44,0.1131,0.048,CHOKE_CHILD,False,True,0.2953,MODERATE_RISK,1,False,0.0954
prod_20000249,20000249,1000015,Computer & Office,4.24,21,59,75,6,0.0276,0.0645,0.0079,28,0.003094,44,0.1131,0.048,NONE,False,False,0.2625,MODERATE_RISK,1,False,0.0955
prod_20000399,20000399,1000008,Sports & Entertainment,5.0,1,4,4,1,0.0402,0.0769,0.0173,4,0.000473,66,0.1199,0.053,NONE,False,False,0.0549,LOW_RISK,1,False,0.0957
prod_20000408,20000408,1000045,Jewelry & Accessories,3.8,15,42,52,3,0.0341,0.0588,0.0085,26,0.002193,66,0.1199,0.053,ELEC_SHOCK,True,True,0.6494,HIGH_RISK,1,False,0.0957
prod_20000081,20000081,1000005,Sports & Entertainment,4.36,11,39,51,5,0.0391,0.0833,0.0095,26,0.002171,27,0.1093,0.069,NONE,False,False,0.1899,MODERATE_RISK,1,False,0.0959
prod_20000336,20000336,1000028,Tools & Home Improvement,3.5,2,7,7,1,0.0252,0.0625,0.0162,7,0.000569,66,0.1199,0.053,NONE,False,False,0.1179,LOW_RISK,1,False,0.0961
prod_20000426,20000426,1000035,Tools & Home Improvement,3.0,4,16,18,3,0.05,0.1111,0.014,15,0.00098,44,0.1131,0.048,NONE,False,False,0.1386,LOW_RISK,1,False,0.0966
prod_20000190,20000190,1000043,Sports & Entertainment,3.83,6,15,20,3,0.0361,0.125,0.0177,14,0.00103,27,0.1093,0.069,NONE,False,False,0.1202,LOW_RISK,1,False,0.0966
prod_20000156,20000156,1000009,Home & Garden,4.0,13,41,53,3,0.0379,0.08,0.0082,26,0.002394,66,0.1199,0.053,NONE,False,False,0.2406,MODERATE_RISK,1,False,0.097
prod_20000147,20000147,1000039,Sports & Entertainment,5.0,1,4,4,1,0.0381,0.0714,0.0161,4,0.000471,66,0.1199,0.053,CHEM_TOXIC,True,True,0.5497,HIGH_RISK,1,False,0.0972
prod_20000405,20000405,1000041,Consumer Electronics,3.0,2,8,8,1,0.0551,0.1111,0.0091,8,0.000627,44,0.1131,0.048,NONE,False,False,0.1045,LOW_RISK,1,False,0.0974
prod_20000282,20000282,1000003,Home & Garden,4.0,3,6,7,2,0.0704,0.25,0.0147,6,0.00062,44,0.1131,0.048,NONE,False,False,0.0995,LOW_RISK,1,False,0.0974
prod_20000229,20000229,1000000,Computer & Office,4.17,6,22,28,4,0.0367,0.1667,0.0165,21,0.001305,44,0.1131,0.048,NONE,False,False,0.1432,LOW_RISK,1,False,0.0976
prod_20000078,20000078,1000021,Home & Garden,4.0,2,11,12,2,0.0858,0.2,0.0119,11,0.000799,44,0.1131,0.048,NONE,False,False,0.1185,LOW_RISK,1,False,0.0976
prod_20000371,20000371,1000026,Phones & Telecommunications,5.0,2,8,9,2,0.0414,0.125,0.0194,8,0.000649,27,0.1093,0.069,NONE,False,False,0.1223,LOW_RISK,1,False,0.0977
prod_20000260,20000260,1000004,Consumer Electronics,4.5,2,7,7,1,0.027,0.0714,0.0183,7,0.00057,66,0.1199,0.053,NONE,False,False,0.1025,LOW_RISK,1,False,0.0978
prod_20000478,20000478,1000032,Phones & Telecommunications,4.07,15,46,54,4,0.0285,0.0526,0.0094,28,0.002223,66,0.1199,0.053,NONE,False,False,0.2284,MODERATE_RISK,1,False,0.0979
prod_20000215,20000215,1000001,Phones & Telecommunications,4.4,5,14,16,2,0.0758,0.2,0.008,12,0.001022,66,0.1199,0.053,NONE,False,False,0.1471,LOW_RISK,1,False,0.098
prod_20000232,20000232,1000048,Jewelry & Accessories,4.31,16,39,51,3,0.0316,0.0952,0.0102,28,0.002162,27,0.1093,0.069,NONE,False,False,0.2438,MODERATE_RISK,1,False,0.0982
prod_20000167,20000167,1000031,Consumer Electronics,4.0,13,42,52,4,0.0326,0.0714,0.0097,28,0.002253,27,0.1093,0.069,NONE,False,False,0.1933,MODERATE_RISK,1,False,0.0984
prod_20000173,20000173,1000029,Computer & Office,3.5,2,5,5,1,0.0444,0.1111,0.0164,5,0.000511,27,0.1093,0.069,NONE,False,False,0.1299,LOW_RISK,1,False,0.0987
prod_20000193,20000193,1000044,Automotive,4.0,11,36,45,6,0.0378,0.0833,0.0094,25,0.001958,66,0.1199,0.053,NONE,False,False,0.1735,MODERATE_RISK,1,False,0.0989
prod_20000485,20000485,1000048,Jewelry & Accessories,4.4,10,26,31,2,0.0426,0.1538,0.0093,22,0.001656,27,0.1093,0.069,CHOKE_CHILD,False,True,0.2118,MODERATE_RISK,1,False,0.0991
prod_20000166,20000166,1000014,Automotive,4.71,7,24,28,3,0.0539,0.1429,0.0085,20,0.001481,44,0.1131,0.048,NONE,False,False,0.1395,LOW_RISK,1,False,0.0992
prod_20000208,20000208,1000011,Jewelry & Accessories,4.5,2,12,14,2,0.0603,0.25,0.0175,12,0.000835,66,0.1199,0.053,NONE,False,False,0.099,LOW_RISK,1,False,0.0993
prod_20000350,20000350,1000006,Consumer Electronics,4.17,18,46,63,6,0.0317,0.0909,0.0095,27,0.002646,66,0.1199,0.053,NONE,False,False,0.2242,MODERATE_RISK,1,False,0.0993
prod_20000165,20000165,1000026,Home & Garden,4.0,4,11,15,4,0.034,0.0769,0.0202,11,0.000833,44,0.1131,0.048,NONE,False,False,0.1394,LOW_RISK,1,False,0.0994
prod_20000237,20000237,1000025,Jewelry & Accessories,4.43,7,30,33,2,0.0431,0.1429,0.0101,25,0.001565,66,0.1199,0.053,NONE,False,False,0.1653,MODERATE_RISK,1,False,0.0998
prod_20000472,20000472,1000029,Tools & Home Improvement,3.77,13,38,47,5,0.032,0.0714,0.01,27,0.002013,66,0.1199,0.053,NONE,False,False,0.2081,MODERATE_RISK,1,False,0.0999
prod_20000421,20000421,1000043,Jewelry & Accessories,4.11,18,52,69,7,0.0326,0.069,0.0079,28,0.002915,44,0.1131,0.048,NONE,False,False,0.2052,MODERATE_RISK,1,False,0.1
prod_20000240,20000240,1000015,Phones & Telecommunications,4.17,6,18,24,3,0.0549,0.25,0.0116,15,0.001208,44,0.1131,0.048,NONE,False,False,0.22,MODERATE_RISK,1,False,0.1002
prod_20000136,20000136,1000049,Phones & Telecommunications,5.0,1,3,3,1,0.04,0.0667,0.0131,3,0.000438,44,0.1131,0.048,NONE,False,False,0.0721,LOW_RISK,1,False,0.1002
prod_20000242,20000242,1000038,Home & Garden,5.0,1,6,6,1,0.0591,0.2,0.0154,6,0.000553,27,0.1093,0.069,NONE,False,False,0.2005,MODERATE_RISK,1,False,0.1003
prod_20000259,20000259,1000009,Automotive,4.62,8,33,39,3,0.0431,0.1111,0.0088,25,0.001748,66,0.1199,0.053,NONE,False,False,0.2128,MODERATE_RISK,1,False,0.1005
prod_20000255,20000255,1000029,Phones & Telecommunications,4.22,9,32,41,3,0.0398,0.1,0.0113,25,0.001803,27,0.1093,0.069,NONE,False,False,0.2098,MODERATE_RISK,1,False,0.101
prod_20000375,20000375,1000029,Tools & Home Improvement,4.0,2,8,8,1,0.0806,0.25,0.0147,8,0.000631,27,0.1093,0.069,NONE,False,False,0.1387,LOW_RISK,1,False,0.1014
prod_20000365,20000365,1000043,Automotive,3.0,2,5,5,1,0.0463,0.1111,0.0147,5,0.000517,44,0.1131,0.048,NONE,False,False,0.0736,LOW_RISK,1,False,0.1015
prod_20000161,20000161,1000013,Sports & Entertainment,4.42,12,35,42,3,0.0378,0.1333,0.0092,25,0.001915,66,0.1199,0.053,CHEM_TOXIC,False,True,0.2951,MODERATE_RISK,1,False,0.1018
prod_20000393,20000393,1000000,Automotive,5.0,1,8,8,1,0.0607,0.1667,0.0194,8,0.000615,44,0.1131,0.048,NONE,False,False,0.085,LOW_RISK,1,False,0.102
prod_20000129,20000129,1000013,Jewelry & Accessories,4.0,6,31,34,4,0.045,0.125,0.0093,25,0.001542,66,0.1199,0.053,ELEC_SHOCK,False,True,0.2755,MODERATE_RISK,1,False,0.1021
prod_20000286,20000286,1000028,Jewelry & Accessories,4.8,5,20,25,3,0.0434,0.1111,0.0131,19,0.001206,27,0.1093,0.069,NONE,False,False,0.1573,MODERATE_RISK,1,False,0.1021
prod_20000492,20000492,1000029,Jewelry & Accessories,4.0,10,35,44,3,0.036,0.0909,0.0113,26,0.001918,27,0.1093,0.069,NONE,False,False,0.208,MODERATE_RISK,1,False,0.1021
prod_20000090,20000090,1000008,Consumer Electronics,3.33,3,9,9,1,0.0331,0.0667,0.01,9,0.000645,66,0.1199,0.053,NONE,False,False,0.0749,LOW_RISK,1,False,0.1021
prod_20000387,20000387,1000040,Consumer Electronics,3.69,13,36,46,6,0.0332,0.0714,0.0098,26,0.002009,44,0.1131,0.048,NONE,False,False,0.1638,MODERATE_RISK,1,False,0.1022
prod_20000453,20000453,1000007,Tools & Home Improvement,4.0,13,40,47,3,0.0349,0.0769,0.0077,27,0.002071,66,0.1199,0.053,NONE,False,False,0.2261,MODERATE_RISK,1,False,0.1022
prod_20000075,20000075,1000007,Phones & Telecommunications,4.57,14,40,56,5,0.0353,0.1111,0.0099,27,0.002327,44,0.1131,0.048,NONE,False,False,0.2181,MODERATE_RISK,1,False,0.1024
prod_20000271,20000271,1000011,Sports & Entertainment,4.67,6,22,26,3,0.0463,0.1667,0.0115,20,0.00129,27,0.1093,0.069,NONE,False,False,0.1331,LOW_RISK,1,False,0.1025
prod_20000175,20000175,1000013,Jewelry & Accessories,3.5,2,7,7,1,0.0661,0.2,0.0143,7,0.000612,66,0.1199,0.053,ELEC_SHOCK,True,True,0.5452,HIGH_RISK,1,False,0.1025
prod_20000134,20000134,1000009,Consumer Electronics,3.75,8,29,35,5,0.0432,0.1,0.0092,24,0.0016,44,0.1131,0.048,NONE,False,False,0.1831,MODERATE_RISK,1,False,0.1026
prod_20000437,20000437,1000042,Automotive,4.5,16,43,54,6,0.0306,0.1,0.0093,27,0.002301,44,0.1131,0.048,NONE,False,False,0.2005,MODERATE_RISK,1,False,0.1026
prod_20000332,20000332,1000037,Computer & Office,4.5,2,12,14,2,0.0565,0.25,0.0159,12,0.000818,27,0.1093,0.069,NONE,False,False,0.1503,MODERATE_RISK,1,False,0.1027
prod_20000499,20000499,1000009,Consumer Electronics,4.12,8,26,31,2,0.0337,0.0909,0.0135,22,0.001406,66,0.1199,0.053,NONE,False,False,0.1936,MODERATE_RISK,1,False,0.103
prod_20000186,20000186,1000016,Tools & Home Improvement,4.2,15,47,65,5,0.0353,0.087,0.0094,28,0.002714,66,0.1199,0.053,NONE,False,False,0.2294,MODERATE_RISK,1,False,0.1031
prod_20000279,20000279,1000020,Phones & Telecommunications,4.33,3,8,8,1,0.0715,0.125,0.006,8,0.00065,44,0.1131,0.048,NONE,False,False,0.0992,LOW_RISK,1,False,0.1031
prod_20000377,20000377,1000047,Computer & Office,4.47,15,49,67,7,0.036,0.08,0.009,28,0.002787,44,0.1131,0.048,NONE,False,False,0.2355,MODERATE_RISK,1,False,0.1032
prod_20000107,20000107,1000034,Tools & Home Improvement,4.17,12,39,56,7,0.0402,0.0833,0.0105,26,0.002392,44,0.1131,0.048,NONE,False,False,0.1996,MODERATE_RISK,1,False,0.1032
prod_20000266,20000266,1000047,Tools & Home Improvement,3.83,6,21,23,2,0.0476,0.1667,0.0106,18,0.001224,27,0.1093,0.069,NONE,False,False,0.1494,LOW_RISK,1,False,0.1034
prod_20000483,20000483,1000009,Phones & Telecommunications,4.0,2,9,10,2,0.075,0.2,0.0122,9,0.000731,44,0.1131,0.048,NONE,False,False,0.1277,LOW_RISK,1,False,0.1036
prod_20000423,20000423,1000027,Phones & Telecommunications,3.86,7,26,29,2,0.0489,0.1111,0.0082,21,0.00141,66,0.1199,0.053,NONE,False,False,0.1727,MODERATE_RISK,1,False,0.1039
prod_20000289,20000289,1000000,Sports & Entertainment,4.9,10,28,35,4,0.0394,0.0833,0.0098,22,0.001618,44,0.1131,0.048,NONE,False,False,0.1525,MODERATE_RISK,1,False,0.104
prod_20000267,20000267,1000016,Consumer Electronics,3.67,15,33,45,4,0.0308,0.0833,0.0122,25,0.00196,44,0.1131,0.048,NONE,False,False,0.1753,MODERATE_RISK,1,False,0.1044
prod_20000144,20000144,1000035,Home & Garden,3.88,8,22,24,2,0.0482,0.1111,0.007,17,0.00128,66,0.1199,0.053,NONE,False,False,0.1413,LOW_RISK,1,False,0.1045
prod_20000334,20000334,1000016,Consumer Electronics,4.75,4,12,13,2,0.0553,0.25,0.0102,11,0.000838,66,0.1199,0.053,NONE,False,False,0.1121,LOW_RISK,1,False,0.1045
prod_20000347,20000347,1000022,Home & Garden,4.6,5,8,10,2,0.0586,0.1538,0.0135,8,0.000718,27,0.1093,0.069,NONE,False,False,0.0759,LOW_RISK,1,False,0.1045
prod_20000388,20000388,1000021,Home & Garden,4.0,5,22,23,2,0.0543,0.1667,0.0084,18,0.001198,66,0.1199,0.053,NONE,False,False,0.1548,MODERATE_RISK,1,False,0.1047
prod_20000116,20000116,1000027,Phones & Telecommunications,4.0,10,34,46,5,0.0334,0.0714,0.013,26,0.001904,44,0.1131,0.048,NONE,False,False,0.1916,MODERATE_RISK,1,False,0.1047
prod_20000389,20000389,1000036,Home & Garden,4.67,3,10,10,1,0.032,0.125,0.0175,10,0.000678,66,0.1199,0.053,NONE,False,False,0.1268,LOW_RISK,1,False,0.1049
prod_20000268,20000268,1000014,Consumer Electronics,4.2,10,22,24,2,0.0435,0.0833,0.0049,20,0.001238,44,0.1131,0.048,NONE,False,False,0.1359,LOW_RISK,1,False,0.105
prod_20000251,20000251,1000026,Jewelry & Accessories,4.0,1,4,4,1,0.0537,0.1429,0.0149,4,0.00048,66,0.1199,0.053,NONE,False,False,0.1106,LOW_RISK,1,False,0.105
prod_20000418,20000418,1000026,Phones & Telecommunications,4.14,7,29,34,4,0.0417,0.0909,0.0107,24,0.001539,27,0.1093,0.069,NONE,False,False,0.2052,MODERATE_RISK,1,False,0.1051
prod_20000436,20000436,1000035,Consumer Electronics,4.22,9,23,31,4,0.0389,0.1,0.0139,19,0.00145,66,0.1199,0.053,NONE,False,False,0.1585,MODERATE_RISK,1,False,0.1051
prod_20000210,20000210,1000017,Automotive,4.0,6,11,15,3,0.056,0.1429,0.0144,9,0.000921,27,0.1093,0.069,NONE,False,False,0.2415,MODERATE_RISK,1,False,0.1051
prod_20000277,20000277,1000025,Consumer Electronics,4.57,7,29,31,2,0.0382,0.125,0.0101,25,0.001437,66,0.1199,0.053,NONE,False,False,0.1493,LOW_RISK,1,False,0.1053
prod_20000412,20000412,1000038,Automotive,4.5,10,32,37,5,0.0358,0.1,0.0088,26,0.001723,66,0.1199,0.053,NONE,False,False,0.2453,MODERATE_RISK,1,False,0.1054
prod_20000431,20000431,1000036,Home & Garden,4.17,12,44,53,3,0.0383,0.0833,0.0084,27,0.002322,44,0.1131,0.048,NONE,False,False,0.2305,MODERATE_RISK,1,False,0.1055
prod_20000364,20000364,1000007,Jewelry & Accessories,4.67,6,14,17,2,0.0285,0.125,0.0182,13,0.000927,44,0.1131,0.048,NONE,False,False,0.1524,MODERATE_RISK,1,False,0.1057
prod_20000216,20000216,1000014,Sports & Entertainment,4.08,13,46,58,6,0.0374,0.0769,0.0086,28,0.002399,44,0.1131,0.048,NONE,False,False,0.1988,MODERATE_RISK,1,False,0.1057
prod_20000248,20000248,1000042,Phones & Telecommunications,4.29,7,26,29,3,0.0418,0.1429,0.0107,24,0.001419,27,0.1093,0.069,NONE,False,False,0.1589,MODERATE_RISK,1,False,0.1058
prod_20000275,20000275,1000021,Sports & Entertainment,4.2,10,36,42,4,0.0367,0.1,0.0096,26,0.001929,27,0.1093,0.069,NONE,False,False,0.1794,MODERATE_RISK,1,False,0.1058
prod_20000250,20000250,1000004,Computer & Office,4.5,8,27,32,3,0.0404,0.0909,0.0106,22,0.001475,27,0.1093,0.069,NONE,False,False,0.1734,MODERATE_RISK,1,False,0.1062
prod_20000312,20000312,1000029,Consumer Electronics,4.07,15,48,61,8,0.0309,0.0667,0.0094,28,0.002598,44,0.1131,0.048,NONE,False,False,0.2328,MODERATE_RISK,1,False,0.1064
prod_20000348,20000348,1000012,Automotive,4.0,3,13,16,2,0.0353,0.0833,0.0169,13,0.00087,27,0.1093,0.069,NONE,False,False,0.1395,LOW_RISK,1,False,0.1066
prod_20000447,20000447,1000038,Phones & Telecommunications,4.33,6,27,34,3,0.0459,0.1667,0.0133,22,0.001566,44,0.1131,0.048,CHEM_TOXIC,False,True,0.2514,MODERATE_RISK,1,False,0.1066
prod_20000380,20000380,1000002,Tools & Home Improvement,3.29,7,12,14,2,0.0362,0.125,0.0133,11,0.000902,66,0.1199,0.053,NONE,False,False,0.2319,MODERATE_RISK,1,False,0.1067
prod_20000323,20000323,1000006,Phones & Telecommunications,4.21,14,40,54,3,0.0317,0.0714,0.0109,28,0.002361,66,0.1199,0.053,NONE,False,False,0.1938,MODERATE_RISK,1,False,0.1068
prod_20000402,20000402,1000037,Phones & Telecommunications,4.0,2,9,9,1,0.0241,0.0625,0.02,9,0.000633,44,0.1131,0.048,NONE,False,False,0.1426,LOW_RISK,1,False,0.1069
prod_20000157,20000157,1000044,Computer & Office,4.2,10,31,41,6,0.0398,0.0909,0.0103,24,0.001815,44,0.1131,0.048,NONE,False,False,0.1787,MODERATE_RISK,1,False,0.107
prod_20000394,20000394,1000008,Automotive,4.0,6,17,19,3,0.0346,0.1111,0.0145,17,0.000994,66,0.1199,0.053,NONE,False,False,0.1076,LOW_RISK,1,False,0.1072
prod_20000368,20000368,1000001,Tools & Home Improvement,4.75,4,11,11,1,0.046,0.2,0.0144,11,0.000737,27,0.1093,0.069,NONE,False,False,0.1073,LOW_RISK,1,False,0.1073
prod_20000432,20000432,1000042,Jewelry & Accessories,4.25,4,9,9,1,0.0443,0.25,0.0169,8,0.000735,66,0.1199,0.053,NONE,False,False,0.1098,LOW_RISK,1,False,0.1074
prod_20000151,20000151,1000017,Jewelry & Accessories,4.0,7,23,27,4,0.0465,0.1429,0.0115,19,0.001366,27,0.1093,0.069,ELEC_SHOCK,True,True,0.5597,HIGH_RISK,1,False,0.1074
prod_20000410,20000410,1000009,Phones & Telecommunications,4.5,2,8,8,1,0.0299,0.0625,0.0155,8,0.000605,27,0.1093,0.069,NONE,False,False,0.1252,LOW_RISK,1,False,0.1075
prod_20000292,20000292,1000045,Automotive,4.6,10,35,42,3,0.0359,0.0833,0.0109,26,0.00183,66,0.1199,0.053,ELEC_SHOCK,False,True,0.4004,HIGH_RISK,1,False,0.1075
prod_20000172,20000172,1000041,Sports & Entertainment,5.0,2,12,12,1,0.0332,0.1,0.018,12,0.000741,44,0.1131,0.048,NONE,False,False,0.1117,LOW_RISK,1,False,0.1076
prod_20000311,20000311,1000028,Phones & Telecommunications,4.26,19,43,61,6,0.0268,0.0526,0.0111,28,0.002739,44,0.1131,0.048,NONE,False,False,0.2379,MODERATE_RISK,1,False,0.1078
prod_20000124,20000124,1000036,Automotive,4.1,10,35,45,5,0.0401,0.0714,0.0095,26,0.001929,66,0.1199,0.053,NONE,False,False,0.2212,MODERATE_RISK,1,False,0.1078
prod_20000429,20000429,1000003,Automotive,4.29,7,19,25,4,0.031,0.0909,0.0165,18,0.001181,44,0.1131,0.048,NONE,False,False,0.16,MODERATE_RISK,1,False,0.1082
prod_20000477,20000477,1000021,Computer & Office,4.33,3,8,8,1,0.0639,0.25,0.0146,7,0.000674,44,0.1131,0.048,NONE,False,False,0.1108,LOW_RISK,1,False,0.1083
prod_20000369,20000369,1000014,Phones & Telecommunications,5.0,2,6,6,1,0.0536,0.1429,0.0116,6,0.000545,44,0.1131,0.048,NONE,False,False,0.0939,LOW_RISK,1,False,0.1083
prod_20000086,20000086,1000000,Phones & Telecommunications,4.0,1,4,4,1,0.0403,0.1,0.0169,4,0.000475,44,0.1131,0.048,NONE,False,False,0.0737,LOW_RISK,1,False,0.1087
prod_20000395,20000395,1000007,Consumer Electronics,4.27,11,35,49,6,0.033,0.0769,0.0122,26,0.002019,44,0.1131,0.048,NONE,False,False,0.2342,MODERATE_RISK,1,False,0.1088
prod_20000390,20000390,1000048,Home & Garden,4.4,5,19,21,2,0.0513,0.1667,0.0114,16,0.001135,27,0.1093,0.069,ELEC_SHOCK,False,True,0.1929,MODERATE_RISK,1,False,0.1091
prod_20000099,20000099,1000010,Phones & Telecommunications,4.24,17,48,62,6,0.0293,0.05,0.0094,28,0.002507,44,0.1131,0.048,ELEC_SHOCK,True,True,0.5565,HIGH_RISK,1,False,0.1093
prod_20000352,20000352,1000023,Computer & Office,4.43,7,23,27,3,0.0493,0.1429,0.0103,19,0.001385,27,0.1093,0.069,NONE,False,False,0.1447,LOW_RISK,1,False,0.1094
prod_20000126,20000126,1000018,Home & Garden,4.12,8,29,35,3,0.0395,0.1111,0.0124,25,0.001554,66,0.1199,0.053,NONE,False,False,0.1737,MODERATE_RISK,1,False,0.1095
prod_20000246,20000246,1000047,Phones & Telecommunications,5.0,3,8,8,1,0.0383,0.0833,0.0122,8,0.00061,27,0.1093,0.069,NONE,False,False,0.1254,LOW_RISK,1,False,0.1095
prod_20000247,20000247,1000040,Home & Garden,4.5,6,18,20,2,0.0348,0.1,0.0137,17,0.001031,27,0.1093,0.069,NONE,False,False,0.1127,LOW_RISK,1,False,0.1096
prod_20000119,20000119,1000019,Sports & Entertainment,4.4,10,31,36,2,0.0367,0.1,0.0103,25,0.001681,66,0.1199,0.053,NONE,False,False,0.2211,MODERATE_RISK,1,False,0.1099
prod_20000301,20000301,1000028,Jewelry & Accessories,4.33,3,10,10,1,0.062,0.2,0.0117,9,0.00075,27,0.1093,0.069,NONE,False,False,0.1266,LOW_RISK,1,False,0.11
prod_20000109,20000109,1000037,Automotive,4.25,8,29,34,4,0.0445,0.125,0.0095,22,0.001646,66,0.1199,0.053,NONE,False,False,0.1943,MODERATE_RISK,1,False,0.1101
prod_20000470,20000470,1000007,Sports & Entertainment,4.42,12,37,50,6,0.0356,0.08,0.0107,27,0.002094,44,0.1131,0.048,NONE,False,False,0.2039,MODERATE_RISK,1,False,0.1102
prod_20000391,20000391,1000013,Home & Garden,4.33,6,12,15,4,0.0365,0.1,0.0162,12,0.000854,44,0.1131,0.048,UNCERTIFIED_MED,False,True,0.2576,MODERATE_RISK,1,False,0.1104
prod_20000409,20000409,1000005,Tools & Home Improvement,4.5,4,12,12,1,0.0491,0.25,0.0111,11,0.000895,44,0.1131,0.048,NONE,False,False,0.102,LOW_RISK,1,False,0.1106
prod_20000327,20000327,1000027,Computer & Office,4.38,8,24,28,2,0.0388,0.1111,0.0111,20,0.001341,27,0.1093,0.069,NONE,False,False,0.1553,MODERATE_RISK,1,False,0.111
prod_20000168,20000168,1000021,Sports & Entertainment,4.67,9,23,28,4,0.04,0.1,0.01,20,0.001329,66,0.1199,0.053,NONE,False,False,0.1608,MODERATE_RISK,1,False,0.1113
prod_20000430,20000430,1000019,Tools & Home Improvement,4.5,6,20,22,2,0.0422,0.1667,0.0133,18,0.001195,66,0.1199,0.053,CHOKE_CHILD,True,True,0.534,HIGH_RISK,1,False,0.1115
prod_20000102,20000102,1000019,Home & Garden,5.0,2,9,9,1,0.0406,0.1667,0.0173,9,0.000645,44,0.1131,0.048,NONE,False,False,0.1808,MODERATE_RISK,1,False,0.1118
prod_20000307,20000307,1000024,Sports & Entertainment,4.67,3,12,12,1,0.0463,0.1111,0.0099,12,0.000753,66,0.1199,0.053,NONE,False,False,0.1739,MODERATE_RISK,1,False,0.1119
prod_20000143,20000143,1000033,Jewelry & Accessories,4.2,5,14,16,3,0.0328,0.1429,0.0175,13,0.000885,44,0.1131,0.048,NONE,False,False,0.1069,LOW_RISK,1,False,0.1121
prod_20000189,20000189,1000001,Automotive,4.38,13,40,53,4,0.0354,0.1111,0.0102,27,0.00225,44,0.1131,0.048,NONE,False,False,0.1911,MODERATE_RISK,1,False,0.1121
prod_20000264,20000264,1000032,Jewelry & Accessories,4.0,5,15,19,4,0.0444,0.0833,0.0128,15,0.000994,44,0.1131,0.048,NONE,False,False,0.1473,LOW_RISK,1,False,0.1122
prod_20000149,20000149,1000030,Jewelry & Accessories,4.0,4,8,9,2,0.0406,0.1111,0.0163,8,0.000658,27,0.1093,0.069,CHEM_TOXIC,True,True,0.5321,HIGH_RISK,1,False,0.1122
prod_20000164,20000164,1000022,Automotive,4.75,4,13,14,2,0.0553,0.2,0.0114,12,0.000843,44,0.1131,0.048,NONE,False,False,0.0894,LOW_RISK,1,False,0.1124
prod_20000205,20000205,1000028,Home & Garden,4.0,3,13,13,1,0.0561,0.1,0.0096,13,0.000801,44,0.1131,0.048,NONE,False,False,0.1363,LOW_RISK,1,False,0.1127
prod_20000212,20000212,1000015,Sports & Entertainment,4.25,4,19,20,2,0.0416,0.1538,0.0125,19,0.001018,27,0.1093,0.069,NONE,False,False,0.1975,MODERATE_RISK,1,False,0.1128
prod_20000083,20000083,1000049,Computer & Office,4.5,4,14,15,2,0.0639,0.1667,0.0088,12,0.000898,44,0.1131,0.048,NONE,False,False,0.111,LOW_RISK,1,False,0.1128
prod_20000263,20000263,1000019,Sports & Entertainment,4.6,5,17,19,2,0.0413,0.1429,0.0113,16,0.001006,27,0.1093,0.069,NONE,False,False,0.1976,MODERATE_RISK,1,False,0.1128
prod_20000454,20000454,1000007,Automotive,4.5,6,20,22,2,0.0309,0.0625,0.0124,20,0.001077,44,0.1131,0.048,NONE,False,False,0.166,MODERATE_RISK,1,False,0.1129
prod_20000306,20000306,1000020,Jewelry & Accessories,4.33,3,9,10,2,0.0612,0.1429,0.013,9,0.000695,66,0.1199,0.053,NONE,False,False,0.1139,LOW_RISK,1,False,0.113
prod_20000493,20000493,1000003,Tools & Home Improvement,4.6,5,20,23,3,0.0497,0.1429,0.0115,18,0.001169,66,0.1199,0.053,NONE,False,False,0.1436,LOW_RISK,1,False,0.113
prod_20000202,20000202,1000034,Jewelry & Accessories,4.0,12,37,47,4,0.0345,0.1111,0.0109,28,0.001955,44,0.1131,0.048,NONE,False,False,0.2014,MODERATE_RISK,1,False,0.113
prod_20000428,20000428,1000042,Sports & Entertainment,4.31,16,38,50,5,0.0295,0.0909,0.011,27,0.002136,44,0.1131,0.048,NONE,False,False,0.2062,MODERATE_RISK,1,False,0.1134
prod_20000138,20000138,1000044,Sports & Entertainment,4.45,11,39,52,4,0.0353,0.0714,0.0118,26,0.002138,44,0.1131,0.048,NONE,False,False,0.2303,MODERATE_RISK,1,False,0.1135
prod_20000140,20000140,1000041,Consumer Electronics,4.0,2,7,7,1,0.0543,0.1,0.0126,7,0.000588,27,0.1093,0.069,NONE,False,False,0.0985,LOW_RISK,1,False,0.1136
prod_20000471,20000471,1000020,Computer & Office,4.5,2,7,7,1,0.0394,0.0833,0.0114,7,0.000585,27,0.1093,0.069,NONE,False,False,0.1,LOW_RISK,1,False,0.1138
prod_20000278,20000278,1000005,Tools & Home Improvement,4.38,8,29,32,3,0.0423,0.1111,0.0082,22,0.001547,44,0.1131,0.048,NONE,False,False,0.1629,MODERATE_RISK,1,False,0.1139
prod_20000207,20000207,1000001,Jewelry & Accessories,4.2,10,36,44,4,0.0426,0.1111,0.0094,26,0.00201,44,0.1131,0.048,NONE,False,False,0.192,MODERATE_RISK,1,False,0.1146
prod_20000383,20000383,1000023,Tools & Home Improvement,5.0,2,8,8,1,0.0374,0.1429,0.0159,8,0.00062,44,0.1131,0.048,NONE,False,False,0.0931,LOW_RISK,1,False,0.1149
prod_20000358,20000358,1000047,Tools & Home Improvement,4.0,2,11,11,1,0.0363,0.0833,0.013,11,0.000706,27,0.1093,0.069,NONE,False,False,0.1215,LOW_RISK,1,False,0.1149
prod_20000374,20000374,1000015,Computer & Office,4.6,5,23,25,2,0.0438,0.1333,0.0104,21,0.00122,66,0.1199,0.053,NONE,False,False,0.217,MODERATE_RISK,1,False,0.1149
prod_20000120,20000120,1000025,Automotive,4.33,9,22,30,5,0.0412,0.0833,0.0117,19,0.001392,44,0.1131,0.048,NONE,False,False,0.1479,LOW_RISK,1,False,0.115
prod_20000449,20000449,1000003,Phones & Telecommunications,4.83,6,14,15,2,0.0329,0.1111,0.0142,13,0.000868,44,0.1131,0.048,NONE,False,False,0.1561,MODERATE_RISK,1,False,0.1152
prod_20000398,20000398,1000011,Automotive,4.42,12,32,40,4,0.0342,0.1176,0.011,25,0.001771,44,0.1131,0.048,NONE,False,False,0.1597,MODERATE_RISK,1,False,0.1153
prod_20000080,20000080,1000031,Automotive,4.33,3,14,16,2,0.0629,0.2,0.014,12,0.000933,44,0.1131,0.048,NONE,False,False,0.1018,LOW_RISK,1,False,0.1154
prod_20000354,20000354,1000026,Computer & Office,4.0,3,13,16,2,0.0526,0.125,0.0132,13,0.000893,66,0.1199,0.053,NONE,False,False,0.152,MODERATE_RISK,1,False,0.1155
prod_20000178,20000178,1000005,Jewelry & Accessories,5.0,1,8,8,1,0.0442,0.125,0.0169,8,0.000614,44,0.1131,0.048,NONE,False,False,0.0882,LOW_RISK,1,False,0.1155
prod_20000401,20000401,1000028,Tools & Home Improvement,4.67,3,14,15,2,0.05,0.1429,0.0114,14,0.000866,44,0.1131,0.048,UNCERTIFIED_MED,False,True,0.1388,LOW_RISK,1,False,0.1157
prod_20000228,20000228,1000023,Computer & Office,4.4,10,32,39,3,0.0411,0.1111,0.0093,26,0.001821,44,0.1131,0.048,NONE,False,False,0.1628,MODERATE_RISK,1,False,0.1158
prod_20000261,20000261,1000019,Automotive,4.2,5,22,25,3,0.0436,0.2,0.0108,21,0.001282,66,0.1199,0.053,NONE,False,False,0.202,MODERATE_RISK,1,False,0.116
prod_20000467,20000467,1000001,Jewelry & Accessories,4.25,12,35,44,3,0.0373,0.0769,0.0099,26,0.001948,66,0.1199,0.053,NONE,False,False,0.2068,MODERATE_RISK,1,False,0.116
prod_20000196,20000196,1000027,Tools & Home Improvement,4.4,5,23,24,2,0.0495,0.1667,0.0109,20,0.001232,44,0.1131,0.048,NONE,False,False,0.1541,MODERATE_RISK,1,False,0.1162
prod_20000443,20000443,1000047,Home & Garden,4.0,1,8,8,1,0.046,0.2,0.0179,8,0.000608,44,0.1131,0.048,NONE,False,False,0.1169,LOW_RISK,1,False,0.1165
prod_20000381,20000381,1000028,Jewelry & Accessories,3.86,7,20,25,4,0.0511,0.1176,0.0106,18,0.001252,44,0.1131,0.048,NONE,False,False,0.1584,MODERATE_RISK,1,False,0.1168
prod_20000225,20000225,1000013,Jewelry & Accessories,4.38,13,40,49,4,0.0325,0.0769,0.01,27,0.002136,44,0.1131,0.048,NONE,False,False,0.2997,MODERATE_RISK,1,False,0.117
prod_20000176,20000176,1000021,Sports & Entertainment,4.29,7,17,24,3,0.0433,0.0909,0.0148,17,0.001158,44,0.1131,0.048,NONE,False,False,0.146,LOW_RISK,1,False,0.1171
prod_20000243,20000243,1000024,Jewelry & Accessories,4.0,2,9,9,1,0.0434,0.1111,0.0157,9,0.000656,66,0.1199,0.053,NONE,False,False,0.1595,MODERATE_RISK,1,False,0.1172
prod_20000465,20000465,1000035,Tools & Home Improvement,4.4,5,18,20,2,0.0389,0.1111,0.0133,18,0.001036,66,0.1199,0.053,NONE,False,False,0.1356,LOW_RISK,1,False,0.1174
prod_20000466,20000466,1000025,Consumer Electronics,4.33,3,7,7,1,0.0363,0.0833,0.0152,7,0.000579,44,0.1131,0.048,NONE,False,False,0.103,LOW_RISK,1,False,0.1174
prod_20000298,20000298,1000032,Automotive,4.5,6,19,21,2,0.0361,0.0667,0.0114,19,0.001063,66,0.1199,0.053,NONE,False,False,0.1534,MODERATE_RISK,1,False,0.1175
prod_20000322,20000322,1000047,Phones & Telecommunications,4.22,9,26,28,3,0.0327,0.1111,0.0111,24,0.001383,66,0.1199,0.053,NONE,False,False,0.1788,MODERATE_RISK,1,False,0.1179
prod_20000194,20000194,1000038,Phones & Telecommunications,4.43,7,26,30,3,0.0419,0.0909,0.0107,21,0.001399,66,0.1199,0.053,NONE,False,False,0.2403,MODERATE_RISK,1,False,0.118
prod_20000497,20000497,1000036,Home & Garden,4.75,4,12,14,2,0.0501,0.1667,0.0142,12,0.000835,44,0.1131,0.048,NONE,False,False,0.1402,LOW_RISK,1,False,0.1182
prod_20000096,20000096,1000001,Computer & Office,4.33,3,10,11,2,0.0366,0.1429,0.0161,10,0.000711,44,0.1131,0.048,NONE,False,False,0.1065,LOW_RISK,1,False,0.1182
prod_20000117,20000117,1000021,Tools & Home Improvement,4.29,7,18,20,3,0.0505,0.125,0.0097,16,0.00109,66,0.1199,0.053,ELEC_SHOCK,False,True,0.1363,LOW_RISK,1,False,0.1185
prod_20000252,20000252,1000038,Jewelry & Accessories,4.6,5,19,20,2,0.0419,0.1667,0.0121,18,0.001047,44,0.1131,0.048,NONE,False,False,0.2275,MODERATE_RISK,1,False,0.1188
prod_20000297,20000297,1000017,Sports & Entertainment,4.1,10,32,39,4,0.0372,0.1,0.0109,24,0.001778,44,0.1131,0.048,ELEC_SHOCK,False,True,0.2907,MODERATE_RISK,1,False,0.119
prod_20000342,20000342,1000018,Automotive,4.0,6,15,16,2,0.0303,0.1,0.0139,15,0.000878,44,0.1131,0.048,NONE,False,False,0.1234,LOW_RISK,1,False,0.1191
prod_20000227,20000227,1000012,Automotive,4.1,10,29,35,4,0.0332,0.0909,0.0122,24,0.001613,44,0.1131,0.048,NONE,False,False,0.1726,MODERATE_RISK,1,False,0.1193
prod_20000265,20000265,1000005,Consumer Electronics,4.0,4,15,16,2,0.0329,0.0909,0.0141,15,0.000884,44,0.1131,0.048,NONE,False,False,0.117,LOW_RISK,1,False,0.1205
prod_20000213,20000213,1000035,Home & Garden,4.33,6,18,20,3,0.0459,0.1429,0.0109,16,0.001058,66,0.1199,0.053,NONE,False,False,0.1321,LOW_RISK,1,False,0.1208
prod_20000115,20000115,1000033,Home & Garden,4.25,4,10,10,1,0.0428,0.1667,0.0166,9,0.000711,44,0.1131,0.048,NONE,False,False,0.1127,LOW_RISK,1,False,0.1211
prod_20000315,20000315,1000016,Tools & Home Improvement,4.17,6,21,24,2,0.0461,0.1429,0.0116,18,0.001245,66,0.1199,0.053,NONE,False,False,0.1442,LOW_RISK,1,False,0.1218
prod_20000494,20000494,1000004,Phones & Telecommunications,4.29,7,22,26,2,0.0375,0.0909,0.0118,21,0.001241,66,0.1199,0.053,NONE,False,False,0.1646,MODERATE_RISK,1,False,0.1221
prod_20000320,20000320,1000002,Phones & Telecommunications,4.29,7,22,27,3,0.046,0.1429,0.0105,19,0.001429,66,0.1199,0.053,NONE,False,False,0.2574,MODERATE_RISK,1,False,0.1224
prod_20000305,20000305,1000049,Sports & Entertainment,4.0,2,11,11,1,0.0321,0.0714,0.0139,11,0.000709,44,0.1131,0.048,NONE,False,False,0.1025,LOW_RISK,1,False,0.1226
prod_20000092,20000092,1000013,Home & Garden,4.33,6,22,26,2,0.0404,0.1111,0.0123,19,0.001243,66,0.1199,0.053,ELEC_SHOCK,False,True,0.2659,MODERATE_RISK,1,False,0.1231
prod_20000209,20000209,1000022,Automotive,4.25,8,25,28,3,0.039,0.125,0.01,22,0.001369,44,0.1131,0.048,NONE,False,False,0.126,LOW_RISK,1,False,0.1233
prod_20000475,20000475,1000005,Sports & Entertainment,4.27,11,35,45,3,0.0366,0.0909,0.0101,26,0.001998,44,0.1131,0.048,NONE,False,False,0.1774,MODERATE_RISK,1,False,0.1238
prod_20000095,20000095,1000010,Computer & Office,4.0,2,8,8,1,0.036,0.1111,0.0111,8,0.000612,44,0.1131,0.048,NONE,False,False,0.1586,MODERATE_RISK,1,False,0.1243
prod_20000182,20000182,1000012,Consumer Electronics,4.43,7,22,26,4,0.0447,0.1,0.0101,19,0.001269,44,0.1131,0.048,NONE,False,False,0.1448,LOW_RISK,1,False,0.1246
prod_20000285,20000285,1000017,Computer & Office,4.5,6,13,14,2,0.04,0.1111,0.0117,13,0.000826,44,0.1131,0.048,ELEC_SHOCK,True,True,0.5467,HIGH_RISK,1,False,0.1256
